Nome,Fifa_id,Cazzo_id
Ugur Inceman,48738,2973
Diego Mainz,135819,2752
Ruben Perez,190156,2805
Pablo Hernandez Dominguez,179591,2802
Jorge Molina,154472,2983
Yann Jouffre,137960,5610
Tom van Hyfte,163244,7604
Robbie Haemhouts,134968,10880
Mile Jedinak,181483,8985
Diederik Boer,9833,5710
Konstantin Engel,183559,11242
Jean-Louis Leca,153275,11316
Benoit Costil,158121,11319
Reynald Lemaitre,142313,11329
Nicolas Seube,50908,11324
Antonio Candreva,173221,11685
Orestis Karnezis,183497,13033
Adam Nemec,184433,12245
Peter Pekarik,190854,12330
Nikica Jelavic,219261,8922
Marcin Wasilewski,148569,13423
Jose Dorado,110019,2768
Lukasz Piszczek,173771,13518
Edin Dzeko,180930,15403
Dusan Veskovac,186538,16254
Ivan Radovanovic,186589,15732
Gojko Kacar,186687,16300
Pavle Ninkov,190450,16493
Robert Braber,164579,17848
Carlos Carmona Bonet,168379,17299
Aleksandar Kolarov,185103,16351
Edouard Duplan,164986,17855
Mauro Zarate,153177,18506
Marcos Angeleri,162951,18520
Gustavo Cabral,165536,18673
David Abraham,160741,18904
Matias Silvestre,159028,18823
Ezequiel Lavezzi,159065,18925
Santiago Gentiletti,205408,18945
Neymar,190871,19533
Danilo Larangeira,166072,19249
Mike Havenaar,207739,20645
Thiago Xavier,159168,19297
Shinji Okazaki,194365,20694
Oscar Trejo,173030,21414
Nikola Kalinic,185431,21613
Hernanes,180432,21446
Jop van der Linden,193157,21765
Nicolas Federico Spolli,171830,18880
Fabrizio Cacciatore,188334,22283
Lee Tomlin,172904,22045
Radamel Falcao,167397,22543
Leandro Castan,172610,22337
Martin Skrtel,166706,22764
Dusan Svento,181274,22824
Ben Watson,160292,22991
Joe Ledley,165190,22929
Julian Speroni,49212,22998
Billy Jones,138722,22964
Boaz Myhill,51261,23021
Glenn Whelan,163303,23253
Damien Delaney,159577,23030
Phil Jagielka,53914,23268
Chris Brunt,52306,23257
Gabriel Agbonlahor,164469,23264
Shane Long,169216,23293
Nathan Dyer,173436,23305
Ashley Young,152908,23354
Adrian Mariappa,172953,23358
Matt Jarvis,163571,23538
Wes Morgan,136113,23571
Andrew Surman,172768,23629
Mathieu Flamini,156722,23688
Gareth Barry,6826,23782
Steven Davis,151508,23792
Leon Britton,140415,23882
Kevin Nolan,51394,23933
Gary Cahill,164468,23783
Scott Dann,157665,23837
Lassana Diarra,163711,23988
Scott Sinclair,169214,23991
Leon Osman,158804,24006
Jaroslav Drobny,150278,24104
Tony Hibbert,50620,24023
Darren Fletcher,138782,24148
Jonathan De Guzman,177569,24123
Ben Foster,163155,24147
John O'Shea,3484,24150
Fraizer Campbell,169586,24157
James Morrison,162981,24171
Stephen Ireland,170570,24213
Micah Richards,169721,24208
Darron Gibson,169590,24156
Shay Given,2651,24224
Sylvain Distin,26992,24216
Steven Taylor,159034,24228
Tim Krul,170597,24229
Leonardo Bonucci,184344,24235
Sergio Pellissier,149571,24448
Andrea Raggi,163407,24493
Marc Pugh,166838,24381
Gary O'Neil,53593,24393
Davide Brivio,106874,24500
Alessandro Gamberini,5213,24504
Riccardo Montolivo,159287,24507
Manuel Pasqual,154634,24536
Giampaolo Pazzini,137361,24549
Mark Bunn,162054,24579
Bradley Johnson,152536,24583
Tommy Elphick,180635,24625
Lazaros Christodoulopoulos,178115,24789
Daniele Gastaldello,137410,24793
Cristian Molinaro,149064,24791
Leighton Baines,163631,24846
Ashley Williams,163824,24948
Ikechi Anya,169100,24915
Russell Martin,162886,24903
Cristian Zapata,177983,24970
Craig Gardner,178487,25075
Lee Cattermole,169607,25150
Jesper Hansen,132740,25329
Claudio Pizarro,25420,25366
Dimitri Payet,177388,25496
Christian Schulz,121185,25483
Andrea Ranocchia,182168,25526
Vincent Enyeama,139968,25540
Marouane Chamakh,134906,25537
Peter Odemwingie,137671,25550
Goran Pandev,137506,25597
Lorenzo De Silvestri,170320,25587
Bartholomew Ogbeche,49486,25551
Martin Olsson,184472,25667
Juan Pablo Carrizo,167666,25735
Victor Anichebe,169527,25666
Gonzalo Higuain,167664,25759
Victor Casadesus,161832,25462
Ivan Rakitic,168651,25773
Zdravko Kuzmanovic,168650,25772
Almen Abdi,138698,25816
Gokhan Inler,158810,25818
Kader Mangane,47860,25856
Carlos Kameni,111661,25563
Kenneth Vermeer,169181,26002
Thomas Vermaelen,157304,26005
Renaud Cohade,112365,26051
Bacary Sagna,163419,26111
Younes Kaboul,163418,26108
Franck Beria,112230,26107
Lionel Mathis,41634,26114
Florian Marange,165237,26118
Yohann Pele,107298,26126
Jussie,152840,26144
Mathieu Debuchy,158626,26154
Seydou Keita,12259,26146
Kevin Mirallas,172175,26151
Mathieu Bodmer,51123,26155
Yohan Cabaye,167943,26160
Francois Clerc,161700,26162
Hatem Ben Arfa,161648,26163
Karim Benzema,165153,26166
Remy Vercoutre,5594,26167
Cedric Carrasso,116494,26168
Lorik Cana,134956,26171
Samir Nasri,165239,26181
Sebastien Bassong,172949,26209
Serge Gakpe,169281,26221
Bostjan Cesar,139274,26223
Emir Spahic,141200,26255
Jonathan Brison,150568,26236
Lars Jacobsen,24717,26256
Hugo Lloris,167948,26295
Franck Signorino,138065,26264
Etienne Didot,49488,26326
Arnold Mvuemba,153298,26324
Florent Balmont,52126,26291
Gregory Bourillon,134777,26327
Jimmy Briand,134779,26330
Bafetimbi Gomis,159145,26344
Loic Perrin,159147,26353
Simon Pouplin,153297,26335
Mouhamadou Dabo,168630,26354
Mevlut Erdinc,176481,26374
Kevin Gameiro,176600,26392
Mohamed Fofana,173033,26402
Daniel Congre,163665,26399
Jeremy Mathieu,112316,26403
Pantxi Sirieix,116479,26406
Ibrahim Afellay,158372,26434
Benjamin Nivet,3665,26420
Blaise Matuidi,170890,26419
Mark-Jan Fledderus,139871,26455
Stijn Schaars,137109,26453
Rasmus Lindgren,157305,26459
Arnold Kruiswijk,137510,26458
Edson Braafheid,156655,26489
Henrico Drost,162365,26476
Nicolas Douchez,117063,26523
Kevin Constant,177935,26522
Karim El Ahmadi,162329,26539
Jonas Olsson,45842,26527
Jose Fonte,171791,26552
Wout Brama,178319,26538
Peter Niemeyer,54018,26545
Roel Brouwers,138532,26588
Kevin Begois,47020,26586
Paul Verhaegh,148839,26618
Bram Castro,109493,26589
Gibril Sankoh,205190,26465
Ragnar Klavan,140620,26660
Eljero Elia,172049,26675
Frank van der Struijk,162343,26708
Simon Poulsen,152065,26797
Thomas Kristensen,164626,26813
Thiago Motta,49370,26852
Tobias Werner,177100,26982
Anis Ben-Hatira,176627,27155
Martin Harnik,177666,27234
Thomas Kessler,158657,27255
Manuel Neuer,167495,27299
Abou Diaby,163423,27277
Rafael Ferreira de Souza,168607,27303
Alexander Baumjohann,162223,27306
Aaron Hunt,158138,27316
Sebastian Boenisch,176688,27310
Leon Andreasen,130687,27314
Jan Rosenthal,175990,27352
Kevin-Prince Boateng,173909,27335
Christian Gentner,158856,27324
Roman Weidenfeller,2196,27358
Nuri Sahin,170797,27365
Eugen Polanski,165174,27420
Rene Adler,121933,27424
Marco Russ,157716,27475
Jan-Ingwer Callsen-Bracker,137449,27425
Heiko Westermann,52270,27461
Dominik Stroh-Engel,167437,27485
Marvin Matip,161644,27550
Alexander Meier,121170,27478
Francesco Benussi,137734,27558
Salvatore Sirigu,168435,27659
Sergio Floccari,169386,27657
Franco Brienza,137199,27663
Luca Cigarini,173146,27671
Simone Missiroli,176553,27685
Angelo Palombo,52829,27702
Danilo Soddimo,177906,27708
Felipe Dal Bello,768,27719
Giampiero Pinzi,164,27731
Antonio Di Natale,120274,27734
Tarik Elyounoussi,169317,27866
Marvin Emnes,176801,28108
Constant Djakpa,175894,28081
Marcelo Vieira da Silva,176676,28467
Mergim Mavraj,182713,28435
James McArthur,171972,28901
Jaba Kankava,167194,29259
Marco Sailer,192733,29340
Dario Kresic,137637,29529
Charles N'Zogbia,164978,29581
Christoph Janker,156443,29543
Kevin Kuranyi,49012,30249
Fabio Coentrao,171688,29590
David Navarro Pedros,111022,30276
Jermain Defoe,50542,30348
Massimo Maccarone,51730,30284
Wes Brown,13130,30362
Kieran Richardson,138784,30352
Sylvain Armand,41674,30457
Pablo Zabaleta,142784,30509
Maxi Moralez,183895,29587
Martin Demichelis,134979,30459
Makoto Hasebe,181098,30530
Stephan Lichtsteiner,108080,30474
Marko Basa,192615,30563
Nigel de Jong,53578,30598
Ron Vlaar,168585,30602
Urby Emanuelson,169808,30603
Cesc Fabregas,162895,30613
Miroslav Klose,11141,30638
John Terry,13732,30627
Roque Santa Cruz,25798,30646
Francesco Totti,1238,30714
Daniele De Rossi,53302,30682
Rafael Marquez,26709,30740
Gianluigi Buffon,1179,30717
Ivica Olic,148138,30764
Diego Benaglio,115533,30820
Wayne Rooney,54050,30829
Peter Crouch,51257,30830
Kolo Toure,119152,30831
Arjen Robben,9014,30834
Rafael van der Vaart,45574,30840
Maarten Stekelenburg,2147,30841
Fernando Torres,49369,30853
Petr Cech,48940,30859
Alberto Gilardino,5879,30881
Bastian Schweinsteiger,121944,30872
Philipp Lahm,121939,30894
Cristiano Ronaldo,20801,30893
Aaron Lennon,152747,30895
Xabi Alonso,45197,30889
Cristian Zaccardo,49617,30906
Kossi Agassa,137763,30900
Andrea Barzagli,137186,30902
Jaroslav Plasil,112244,30907
Ricardo Costa,20209,30914
Ricardo Carvalho,3622,30911
Edgar Barreto,152922,30920
Franck Ribery,156616,30924
Fabricio Coloccini,48745,30929
Arouna Kone,122849,30922
Nicolas Burdisso,139038,30928
Blerim Dzemaili,138699,30940
Andres Iniesta,41,30955
Sergio Ramos,155862,30962
Lukasz Fabianski,164835,30973
Valon Behrami,161805,30966
Emmanuel Adebayor,53050,30960
Lionel Messi,158023,30981
Artur Boruc,105846,30974
Theo Walcott,164859,31013
Dusan Basta,167514,30983
Johan Djourou,162893,30986
Rodrigo Palacio,152999,30991
Hedwiges Maduro,168584,30994
Guillermo Ochoa,140233,31047
Andres Guardado,171897,31045
Luka Modric,177003,31097
Steve Mandanda,163705,31293
Sascha Riether,111206,31290
Gael Clichy,152554,31291
Yoan Gouffran,156650,31292
Ramon Zomer,136839,31296
Tim Howard,16254,31465
Branislav Ivanovic,178372,31306
Joe Hart,150724,31432
Alexander Farnerud,45874,31672
Gianni Zuiverloon,163907,31731
Salomon Kalou,158232,31906
Gareth Bale,173731,31921
Cameron Jerome,165191,31953
John Obi Mikel,164477,32345
Gareth McAuley,109852,32441
Patrice Evra,52091,32569
Andrew Driver,170635,32593
Rio Mavuba,150656,32575
Steven Whittaker,122574,32616
Steven Fletcher,164769,32627
Steven Naismith,163209,32705
Graham Dorrans,171321,32734
Morgan De Sanctis,4667,32746
Antonio Cassano,7631,32748
Alan Hutton,139533,32870
Paolo Cannavaro,1178,32769
Mehdi Lacen,169432,32999
Aritz Aduriz,106231,33028
Laurent Pionnier,120306,33109
Stephane Darbion,163796,33116
Joleon Lescott,138726,33086
Chaouki Ben Saada,111503,33100
Didier Digard,165434,33128
Dennis Aogo,164491,33338
Alaeddine Yahia,53027,33451
Stephane Sessegnon,163699,33468
Gabi,146954,33635
Ivan Cuellar,146952,33630
Maxi Lopez,138806,33640
Oscar Wendt,144429,33579
Paolo Sammarco,149572,33706
Yoann Gourcuff,153296,33744
Jeremy Menez,160766,33782
Gorka Iraizoz Moreno,114764,33764
Massimo Gobbi,137373,33816
Sebastien Squillaci,51105,33812
Jesus Gamez,160310,33843
Jonas Gutierrez,142822,33852
Ivan Ramis,146701,33856
Jonathan Walters,138436,33881
Felipe Melo,135475,33888
Asier Riesgo,110974,33958
Javier Garrido,111023,33963
Mikel Gonzalez Martinez,172294,33960
Xabier Prieto,146482,33973
Jesus Navas,146536,33991
Daniel Alves,146530,33988
Emiliano Moretti,46736,34008
Raul Albiol,157481,34029
Enzo Maresca,10863,34000
Ludovic Butelle,49472,34003
Glen Johnson,137782,34036
Ze Castro,157947,34104
Roberto Hilbert,134895,34114
Pirmin Schwegler,158905,34267
Alain Traore,178036,34417
Michael Carrick,21146,34944
Daniele Bonera,45595,34952
Kevin Conboy,188807,35022
Antonio Valencia,167905,35327
Antonio Barragan,169426,35324
Winston Reid,176285,35110
Jason Puncheon,152514,35345
German Denis,142938,35421
Sebastian Larsson,164459,35443
Jeremy Clement,163530,35499
Glenn Murray,172937,35523
Simon Francis,135883,35515
Mauricio Pinilla,113045,35575
Per Mertesacker,53612,35606
Antonio Mirante,140293,35644
Jose Holebas,182744,35712
Zlatan Ibrahimovic,41236,35724
Fin Bartels,183332,35852
Gary Hooper,179574,35905
Clemens Fritz,101336,35989
Halil Altintop,107651,35997
Wesley Hoolahan,149791,35493
Niko Bungert,175962,36000
Markus Feulner,102356,36035
Steven Pienaar,50327,36012
Jeffrey Leiwakabessy,7932,36085
Vedad Ibisevic,162369,36084
Valter Birsa,176104,36121
Matthias Lehmann,52498,36086
Jeremie Brechet,4732,36123
Chinedu Ede,177106,36133
Serdar Tasci,177519,36146
Patrick Ebert,177105,36130
Wayne Hennessey,170084,36283
Jerome Boateng,183907,36183
Manuel Schmiedebach,193420,36186
Mario Vrancic,177896,36379
Tobias Levels,180433,36380
Mats Hummels,178603,36388
Marcel Heller,179891,36554
Nicklas Bendtner,167706,36410
Yaya Toure,20289,36615
Phil Bardsley,163261,36786
Adam Szalai,184789,36774
Thomas Kraft,179954,36878
Dominic Maroh,190670,36934
Sandro Wagner,184069,36889
Dirk Kuyt,15723,37139
Johannes Flum,188586,37087
Mark Noble,152879,37169
Luigi Bruins,172475,37173
Ramon Leeuwin,172850,37195
Ard van Peppen,183933,37188
Michel Vorm,137677,37193
Klaas Jan Huntelaar,148803,36784
Erik Pieters,178567,37194
Gino Coutinho,138351,37206
Bram van Polen,209371,37215
Vito Mannone,179547,37233
Adam Lallana,180819,37234
Lars Bender,177457,37373
Daniel Baier,137351,37319
Fabian Johnson,177159,37357
Sven Bender,177458,37374
Jose Manuel Jurado,159171,37411
Sergio Aguero,153079,37412
Joan Verdu,147004,37441
Santi Cazorla,146562,37436
Alvaro Arbeloa,146741,37442
Juan Rodriguez,147305,37449
Haavard Nordtveit,182888,37292
Gerard Pique,152729,37482
Roberto Soldado,146758,37506
Momo,146058,37510
Joao Moutinho,162347,37549
Hugo Almeida,138984,37550
Antonio Rodriguez Martinez,138507,37579
Mario Suarez,171018,37631
Oriol Riera,159581,37653
Jan Vertonghen,172871,37762
Albano Benjamin Bizzarri,14907,37503
Tobias Sippel,177475,37678
Kasper Schmeichel,163587,37770
Johan Audel,107320,37756
Lewis Grabban,172960,37779
Robbert Schilder,177543,37789
Darren Randolph,169697,37780
Simon Mignolet,173426,37868
Bart Buysse,176018,37889
Gervinho,170733,37950
Mustapha Diallo,192673,37986
Ikechukwu Uche,146011,38044
Paco Montanes,199594,37654
Adriano Russo,137419,38122
Diego Capel,171318,38139
Jose Angel Crespo,172685,38148
Guillaume Gillet,163186,38253
Martijn Monteyne,151891,38322
Nabil Dirar,177525,38336
Vadis Odjidja-Ofoe,175895,38366
Dieumerci Mbokani,177392,38369
Nicolas Pareja,165501,38385
Lucas Biglia,158963,38393
Borja Valero,161956,38433
Gonzalo Rodriguez,142780,38458
Fabien Camus,165240,38435
Verza,142454,38469
Nacho Monreal,177604,38521
Adam Federici,164853,38617
Gorka Elustondo,172285,38540
Cheik Tiote,170783,38373
Stefan Aigner,176790,38647
Giuseppe Rossi,162409,38699
Steed Malbranque,18919,38802
Javier Mascherano,142754,38818
Sebastien Pocognoli,163369,38795
James Milner,138412,38807
Jose Antonio Reyes,111093,38821
Wayne Routledge,54051,38831
Arthur Boka,49116,38842
Colin Kazim-Richards,166114,38865
Cyril Thereau,164985,38920
Robert Huth,137785,38899
Rafael Pereira da Silva,189681,38994
Vincent Kompany,139720,39027
Szabolcs Huszti,137080,39045
Ola Toivonen,176794,39139
Henok Goitom,168317,39142
Piotr Trochowski,121945,39106
Andrea Consigli,163489,39170
Giulio Migliaccio,137440,39207
Michael Krohn-Dehli,159240,39215
Davide Biondini,162174,39222
Rickie Lambert,13879,39225
Simone Pepe,103936,39232
Alberto Pelagotti,178452,39302
Gennaro Sardo,156986,39273
Giovanni Marchese,139669,39284
Davide Bassi,178312,39294
Dario Dainelli,7647,39304
Modibo Diakite,177643,39331
Aleandro Rosi,178117,39345
Giovanni Pasquale,2,39357
Antonio Nocerino,156988,39367
Matteo Brighi,45605,39376
Roy Beerens,169978,39379
Cesare Bovo,105866,39419
Mattia Cassani,137380,39422
Panagiotis Kone,172882,39450
Marco Borriello,123576,39447
Vangelis Moras,150035,39440
Robert Acquafresca,178490,39474
Sokratis Papastathopoulos,172879,39455
Stefano Sorrentino,49031,39477
Perparim Hetemaj,172233,39487
Christian Maggio,149184,39535
Abdoulay Konko,161999,39562
Ignazio Abate,168312,39555
Fabio Quagliarella,159261,39540
Marouane Fellaini,176944,39618
Federico Marchetti,139668,39599
Andrea Coda,163402,39643
Arda Turan,143745,39792
Guglielmo Stendardo,149147,39726
Ivo Ilicevic,177398,39847
Paul Baysse,178031,39965
Jeremy Toulalan,112253,39990
Loic Remy,179527,39987
Gabriel Obertan,178033,39968
Michael Ciani,137114,40001
Benoit Assou-Ekotto,157392,40006
Milan Bisevac,178111,40016
Kevin Monnet-Paquet,177712,40018
Alex Manninger,6895,39566
Renato Civelli,152993,40020
Mathieu Valbuena,177326,40060
Per Ciljan Skjelbred,152996,40108
Rune Almenning Jarstein,104389,40094
Alexander Tettey,152567,40100
Enzo Perez,196432,40148
Vieirinha,177553,40193
Fernandinho,135507,40196
Razvan Rat,143674,40220
Jeremy Pied,183916,40537
Adrian Gonzalez,178616,40501
Bosko Jankovic,178604,40601
Craig Cathcart,180706,40548
John Ruddy,163600,40602
Gabriel Paletta,165526,40621
Luis Suarez,176580,40636
Anthony Mounier,183870,40659
Antonio Adan,178086,40648
Guilherme Siqueira,173228,40139
Francisco Casilla,177644,40672
Pedro Mosquera,178625,40668
Rochdi Achenteh,209377,40662
Ludovic Baal,177481,40683
Jonathan Biabiany,184312,40686
Ryan Shawcross,169596,40695
Cheick Diabate,188325,40707
Remy Riou,168965,40714
Carl Medjani,139836,40721
Jeremy Morel,139860,40740
Christophe Jallet,150590,40730
Gael Danic,41835,40758
Vagner Love,137809,40819
Daniel Carrico,189156,40940
Ron-Robert Zieler,186148,41087
Johannes van den Bergh,183490,40985
Benoit Tremoulinas,177635,41092
Abdou Traore,187048,41093
Thomas Mangani,178160,41098
Stephane Ruffier,167628,41097
Olivier Veigneau,165232,41103
Souleymane Camara,50294,41124
Esteban Granero,178085,41156
Rens van Eijden,187620,41162
Dirk Marcellis,183736,41165
Filipe Luis,164169,41167
Romain Danze,178251,41189
Clement Chantome,177953,41174
Florent Chaigneau,134881,41195
David Ducourtioux,117492,41216
Morgan Amalfitano,168293,41232
Alessio Cerci,178393,41269
Nicolas Maurice-Belay,165234,41238
Jerome Le Moigne,177128,41236
Graziano Pelle,164376,41280
Loosemy Karaboue,183925,41160
David Barral,146121,41294
Maurizio Domizzi,51101,41318
Mounir Obbadi,158127,41332
Julien Cardy,112384,41361
Henri Bedimo,150565,41360
Leandro Greco,144511,41329
Thibault Giresse,112389,41364
Radja Nainggolan,178518,41433
Andrea Lazzari,163491,41404
Etienne Capoue,178213,41365
Giuseppe Vives,178425,41432
Alessandro Matri,177528,41411
Diego Lopez Rodriguez,146748,41466
Juan Mata,178088,41468
Alessandro Diamanti,163925,41475
Federico Peluso,178418,41497
Daniele Croce,137406,41540
Antonio Floro Flores,34824,41542
Djamel Mesbah,157581,41605
Yann Sommer,177683,41618
Felipe Caicedo,175254,41622
Sebastian De Maio,182179,41655
Emiliano Viviano,168354,41671
Marco Zambelli,159499,41640
Marek Hamsik,171877,41658
Massimo Zenildo Zappino,177341,41458
Francesco Lodi,120238,41694
Mirko Valdifiori,188876,41688
Weligton,177573,41707
Andrea Costa,178042,41865
Andrea Masiello,169115,41879
Giorgio Chiellini,138956,41884
Alessandro Gazzi,137378,41816
Paolo De Ceglie,173212,41892
Claudio Marchisio,173210,41890
Gyorgy Garics,138129,41930
Daniel Ciofani,178475,42052
Gelson Fernandes,158438,42119
Fabian Lustenberger,177019,42297
Ferdinando Coppola,7674,42390
Sami Khedira,179846,42346
Samir Handanovic,162835,42422
Roberto Vitiello,138920,42434
Maurizio Pugliesi,139691,42429
Alessandro Frara,101904,42443
Riccardo Meggiorini,188506,42437
Bruno Soriano,184120,42479
Gonzalo Garcia,145909,42534
Simone Padoin,102056,42645
Cristian Raimondi,137151,42650
Jeremain Lens,178416,42598
Luca Rigoni,138918,42651
Daniele Padelli,162297,42692
Domenico Maietta,137774,42691
Timothy Derijck,177571,42704
Zlatko Junuzovic,173474,42860
Rubinho,135073,42702
Jonny Evans,169588,43248
Christian Fuchs,139313,43061
Jakub Blaszczykowski,164994,43319
Piti,153934,43372
Mikel Rico,146111,43375
Markus Suttner,169345,45254
Florian Klein,161857,45272
Ervin Zukanovic,190931,45413
Tom Hiariej,186453,45461
Saidi Ntibazonkiza,179563,45473
Nick van der Velden,162335,45481
Arjan Swinkels,178140,45485
Robert Zwinkels,178211,45492
Adil Auassar,185171,45816
Nathan Rutjes,177893,45502
Ruben Schaken,148854,45860
Jordens Peters,169158,45837
Benat Etxebarria,177600,45749
Willem Janssen,158800,45879
Jack Cork,169706,46008
Ryan Bertrand,169705,46010
Bart van Hintum,209378,46056
Niklas Moisander,172862,46078
Etienne Reijnen,202540,46079
Erik Quekel,229211,46059
Dries Mertens,175943,46104
Nordin Amrabat,183108,46120
Martijn Barto,215609,46203
Gilles Cioni,178360,46244
Yannick Cahuzac,167933,46243
Imanol Agirretxe,161793,46289
Alexandre Raineau,177568,46342
Anco Jansen,186887,46085
Jeremy Sorbon,167936,46338
Luca Antonelli,173204,46374
Pablo Piatti,183899,46384
Roberto Lago,173600,46391
Jean-Sylvain Babin,176693,46407
Bakary Sako,179613,46417
Mickael Tacalfred,107305,46448
Olivier Giroud,178509,46469
Cristian Daniel Ansaldi,173306,46297
Yann Kermorgant,170353,46470
Alexandre Pato,180175,46554
Jonathan Howson,183422,46354
Laurent Koscielny,165229,46539
Angel Di Maria,183898,46509
Max-Alain Gradel,182945,46349
Asmir Begovic,172723,46518
Maxime Baca,169804,46645
Antoine Devaux,169805,46653
Nabil El Zhar,183526,46621
Damien Da Silva,179789,46726
Geoffrey Jourdren,163791,46705
Francois Bellugou,181559,46712
Julien Feret,163804,46757
Javi Guerra,139597,46808
Dan Gosling,184749,46810
Matteo Darmian,184392,46820
Lucas Deaux,178051,46755
Quentin Othon,179794,46891
Anthony Weber,183361,46892
Morgan Schneiderlin,177358,46893
Luiz Adriano,180826,47041
Andy Carroll,182836,47382
Emiliano Insua,179696,47547
Joe Allen,184716,47558
Martin Hansen,184040,47532
Alberto De la Bella,172013,47565
Marc Wilson,166919,47418
Mehdi Benatia,177509,46875
Danny Simpson,169600,49571
Edinson Cavani,179813,49677
Franco Di Santo,186405,49825
Marcelo Diaz,176930,49847
Fabian Orellana,192492,49836
Pablo Armero,176605,49860
Manuel Iturra,176903,49866
Arturo Vidal,181872,49939
Gonzalo Jara,194795,49885
Alexis Sanchez,184941,50047
Gary Medel,193532,49970
David Ospina,176550,50065
Angelo Obinze Ogbonna,183855,49543
Juan Camilo Zuniga,176546,50074
Adrian Ramos,176619,50345
Charles Aranguiz,199042,50638
Eduardo Vargas,206655,50661
Keylor Navas,193041,51949
Daniel Sturridge,171833,51553
Celso Borges,190799,51953
Junior Diaz,188013,51841
Victor Alvarez,202529,52004
David Luiz,179944,52133
Jefferson Montero,186805,52563
Tomas Rincon,191053,52243
Oswaldo Vizcarrondo,175462,52265
Diego Godin,182493,56678
Nicola Rigoni,190330,57123
Andrea Poli,185174,57124
Max Kruse,183574,58346
Bojan Jokic,177149,58499
Ibrahima Traore,183909,58351
Julian Baumgartlinger,189606,59595
Eric Fernando Botteghin,203888,62358
Senad Lulic,188427,66890
Abdoul Karim Yoda,188232,67334
Goran Karanovic,168913,67401
Ritchie De Laet,175932,67850
Charlie Daniels,169638,68237
Przemyslaw Tyton,176094,68813
Artur Sobiech,189447,69008
Mitchell Langerak,182435,69149
Lukasz Zaluska,105533,69259
Lucas Hradecky,190941,66757
Kamil Grosicki,177922,69541
Brad Guzan,164505,69650
Javier Hernandez,178224,70409
Raul Marcelo Bobadilla,183249,66940
Hector Moreno,173432,70812
Neven Subotic,183556,71399
Javi Varas,172684,71498
William Vainqueur,181402,71466
Kosuke Ota,231885,71557
Claudio Beauvue,183068,71602
Sidney Sam,177934,71560
Anthony Modeste,182212,71605
Miguel Layun,178322,71724
Ryan Bennett,183774,72417
Albin Ekdal,181318,71768
Troy Deeney,183125,72436
Augusto Fernandez,176915,72623
Keisuke Honda,186581,72656
Maya Yoshida,191648,72665
Juraj Kucka,190875,72518
Cesar Azpilicueta,184432,72541
Tim Matavz,181780,72707
Vasilios Torosidis,181459,71500
Youssuf Mulumbu,179544,71502
Francesco Acerbi,199845,73024
Kristoffer Nordfeldt,192129,73462
Nicolo Cherubin,183365,73841
Marco Parolo,183498,73999
Francesco Magnanelli,149185,74034
Luca Rossettini,185163,74009
Filippo Porcari,158738,74305
Daniel Wass,172522,74169
Massimiliano Carlini,177346,74382
Javi Fuego,146460,74747
Djamel Bakar,181721,74838
Roberto Canella,178297,74752
Henrik Mkhitaryan,192883,73167
Nauzet Aleman,171190,75001
Oerjan Haaskjold Nyland,185427,73409
Daniel Parejo,189513,75307
Roberto Trashorras,159172,75004
Pedro Leon,175379,75192
Alvaro Negredo,146439,75310
Carlos Vela,169416,75342
Duje Cop,189536,75445
Mario Mandzukic,181783,75447
Mikel Arruabarrena,146937,75616
Aaron Ramsey,186561,75489
Adil Rami,183280,77741
Seamus Coleman,180216,77690
Ceyhun Gulselam,180409,78314
Artiles Oliva Aythami,171189,74989
Fabian Delph,183427,78324
Ismael Traore,184873,78411
Kieran Gibbs,186115,78513
Marcelo Antonio Guedes,180334,78908
Giovanni Sio,183389,79246
Denis Petric,184781,79248
Emanuele Terranova,183671,79262
Egor Filipenko,185363,79742
Antonio Rukavina,181816,79737
Raffaele Bianco,184320,80126
Giedrius Arlauskis,192297,80265
Artjoms Rudnevs,192302,79982
Miiko Albornoz,192128,80229
Yuri Berchiche,183512,80295
Hernan Perez,193887,88986
Angel Rangel,153938,89185
Thiago Silva,164240,80562
Adam Hlousek,181205,89240
Modibo Maiga,183811,91560
Michel Morganella,179973,92532
Slobodan Rajkovic,183606,93064
Stevan Jovetic,181820,92666
Valentin Stocker,183187,91984
Romain Thomas,184190,93358
Robert Lewandowski,188545,93447
Lamine Kone,184082,93457
Sofiane Feghouli,184881,93480
Aly Cissokho,181455,93484
Benjamin Brou Angoua,196580,89475
Bakary Kone,183766,93488
Jamel Saihi,182887,93984
Romain Genevois,181456,93485
Thomas Ayasse,183356,93994
Romain Bregerie,178032,94009
Henri Saivet,183256,94010
Mamadou Sakho,183285,94043
Dusan Tadic,199434,94267
Charles Diers,221827,93470
Vincent Bessat,184706,94307
Mahamane Traore,181870,94318
Prince Oniangue,183453,94321
Fabien Lemoine,183287,94323
Yohan Benalouane,183288,94326
Moussa Sissoko,183394,94550
Tom Mickel,189387,94658
Florian Jungwirth,189397,94876
Marcel Schmelzer,188802,94685
Sven Schipplock,200922,94885
Holger Badstuber,192620,94886
Lars Stindl,187072,94916
Daniel Brosinski,189043,94915
Toni Kroos,182521,95078
Sebastian Langkamp,183568,95081
Mathieu Dreyer,184084,94324
Eric Maxim Choupo-Moting,183569,95082
Cheikh Mbengue,228170,94549
Lucas Leiva,176266,95327
Fabian Frei,183346,95228
Miralem Pjanic,180206,96398
Andre Ayew,176571,95955
Fraser Forster,172203,95336
Federico Fazio,179847,95509
Diego Alves,165580,96613
Martin Caceres,182495,96616
Marcello Gazzola,183188,96532
Markel Susaeta,189354,96619
Bojan Krkic,176993,96643
Ruben Castro,115909,96652
Sergio Asenjo,178750,96623
Lex Immers,188157,97470
Michelangelo Albertazzi,184331,97502
Daniel Schwaab,183426,97734
Takashi Inui,205114,97762
Jens Grahl,183513,97746
Eros Pisano,183454,97789
Erik Bakker,215701,99323
Yuto Nagatomo,194359,98254
David Zurutuza,172290,99047
Alvaro Pereira,172098,100033
Aaron Meijers,188621,101042
James McCarthy,188253,101192
Odion Ighalo,185195,101419
Diego Perotti,183900,101422
Kyriakos Papadopoulos,184477,101501
Freek Heerkens,215527,101586
Oier Olazabal,183141,101590
Neil Taylor,173735,102356
Dame N'Doye,179875,101969
Markel Bergara,155984,102622
Borja Viguera,193891,102623
Foued Kadir,187935,102699
Fernando Francisco Reges,184134,101103
Salva Sevilla,158144,102879
Ciprian Tatarusanu,201325,103218
Davide Astori,173198,103266
Andy King,186578,103419
Costel Pantilimon,192613,103428
Johny Placide,178363,103468
Jean-Armel Kana-Biyik,183975,103470
Carlos Martinez Diez,172256,102620
Herve Bazile,190659,103714
Younousse Sankhare,184271,103869
Robbie Kruse,182440,103686
Stefan Nijland,184635,102719
Arnold Bouka Moutou,184935,103964
Jerge Hoefdraad,228876,104003
Siem de Jong,186452,103899
Bas Dost,189068,104045
Yevheniy Konoplyanka,200641,103450
Roberto Rosales,182896,104382
Nill De Pauw,184154,104404
Jules Stephane Goda,183965,103485
Dario Lezcano,204226,104646
Levan Mchedlidze,186272,104434
Daryl Janmaat,188155,104482
Lorenzo Pasciuti,216076,104778
Kamil Wilczek,190915,105535
Andres Fernandez,146296,104986
Angel Montoro,186682,105925
Juanfran Moreno Fuertes,188135,103905
Nacer Barazite,183519,105919
Victor Moses,172962,106228
Ivan Kelava,207409,106294
Carlos Zambrano,187132,106309
Eden Hazard,183277,107417
Guus Joppen,209764,106373
Rydell Poepon,179941,106474
Theodor Gebre Selassie,186330,107588
Rudy Gestede,187942,107415
Victor Sanchez Mata,189506,107930
Elderson,185089,108075
Artem Kravets,188058,107717
Georginio Wijnaldum,181291,108038
Ever Banega,178562,108568
Filip Djordjevic,210703,106292
Mario Balotelli,186627,108808
Kike Sola,185073,108809
Jack Rodwell,183465,109058
Wilfried Moimbe,187047,109065
Vicente Guaita,189690,109222
Alberto Paloschi,186961,109121
Sloan Privat,187051,109280
Ruud Boymans,193296,109288
Mate Jajalo,192612,108401
Mauricio Isla,187800,109298
Amine Mohamed Chermiti,189432,108525
Omer Toprak,185239,109615
Yann M'Vila,187052,109330
Jay Rodriguez,169792,109491
Leroy Fer,186351,109638
David Lomban,189701,108572
Jordy Buijs,183564,109639
Vito Wormgoor,189899,109647
Marco van Duin,172870,109650
Jan-Arie van der Heijden,186456,109649
Gregory van der Wiel,183937,109651
Vurnon Anita,183940,109652
James Tomkins,173546,109897
Tim Breukers,186503,110116
Sjoerd Overgoor,184637,110135
Marko Arnautovic,184200,110148
Martijn van der Laan,187514,110145
Nacer Chadli,200529,110189
Dion Malone,210205,110184
Michiel Kramer,184614,110161
Joey van den Berg,172141,110214
Panagiotis Tachtsidis,190084,110378
Luca Siligardi,188949,111794
Vicente Iborra,189560,111237
Simone Romagnoli,198857,111739
Alfred N'Diaye,188879,111801
Daniel Opare,190494,111858
Kyle Naughton,186598,111800
Kwadwo Asamoah,186832,111862
Marco Fabian,186307,111897
Erwin Mulder,183567,112107
Manucho,186430,111975
Charlison Benschop,193057,112119
Erik Falkenburg,189713,112471
Maikel van der Werff,189938,112477
Ignacio Camacho,188005,112758
Lorenzo Ariaudo,189436,112476
Sander Fischer,184657,113270
Fabio Daprela,186950,113239
Mauro Dos Santos,210787,113311
Danny Welbeck,186146,113836
Jens Hegeler,189235,113340
Claudio Yacob,183893,113968
Tony Jantschke,190520,114025
Alvaro Dominguez,190150,114044
Dejan Lovren,195086,114268
Cristian Gamboa,198553,114076
Abiola Dauda,187175,114503
Kevin Strootman,189712,114558
Jan Moravek,183220,114650
Daniel Pavlovic,158887,114664
Marwin Hitz,190243,114737
Facundo Sebastian Roncaglia,183966,113318
Mateo Pablo Musacchio,186547,113672
Vincenzo Rennella,183488,114746
Danijel Subasic,192593,115184
Nemanja Matic,191202,115067
Ricardo Rodriguez,193352,115591
Konstantin Rausch,186274,115670
Hiroshi Kiyotake,210126,115847
Hiroki Sakai,208520,116645
Duvan Zapata,215333,116555
Ricky van Wolfswinkel,184457,116750
Jiloan Hamad,187339,117432
Giancarlo Gonzalez,208379,118616
Robbin Ruiter,189936,118848
Jordi Gomez,170919,118929
Darko Lazovic,212127,119014
Sebastian Rudy,189251,119525
Alex McCarthy,189324,119079
Slobodan Medojevic,207523,119838
Geoff Cameron,186672,119541
Aytac Sulu,223142,119427
Chengdong Zhang,182409,120737
Nabil Bahoui,192126,120845
Nenad Krsticic,190501,121044
David Alaba,197445,121633
Sidnei,182002,121872
Jonjo Shelvey,189165,127130
Rafael Toloi,187598,127374
Marcel Risse,189234,127945
Giacomo Bonaventura,189125,127460
Declan Rudd,188657,127712
Abdelhamid El Kaoutari,188145,128456
Emmanuel Imorou,188824,128666
Javi Castellano,190094,128721
Marc van de Maarel,198147,121642
Jonathas,189169,128732
Simone Colombi,189430,128803
Lewis Holtby,188154,128827
Ivan Strinic,201139,128852
Javier Pastore,191180,129391
Felipe Trevizan Martins,188234,129462
William Matheus,188560,129393
Marco Reus,188350,129944
Andrea Rispoli,189557,130113
Danilo D'Ambrosio,198946,130155
Pablo De Blasis,210950,130118
John Guidetti,199602,130298
Chung-Yong Lee,155355,130670
Adlene Guedioura,183385,131409
Benjamin Moukandjo,185090,131995
Floyd Ayite,188271,131991
Serey Die,188768,132843
Admir Mehmedi,188770,132844
Hannes Thor Halldorsson,206379,129241
Dario Dumic,193706,133201
Philipp Bargfrede,193311,134217
Mustapha Yatabare,188274,134221
Alfred Finnbogason,195586,129918
Nolan Roux,183982,134232
Marc Albrighton,183130,139671
Steven Zuber,190059,140819
Odair Fortes,201004,140982
Dennis Diekmeier,189388,141113
Tobias Kempe,199413,141114
Daniel Didavi,193886,141145
Julian Schieber,190664,141161
Sebastian Rode,200215,141370
Milan Badelj,201144,141699
Wilfried Bony,189963,143365
Toni Sunjic,201343,143442
Danny Hoesen,190497,143512
Zargo Toure,190196,143750
Mehdi Mostefa,188765,143757
Shinji Kagawa,189358,144993
Jack Wilshere,189461,143793
Nenad Tomovic,194203,144999
Franck Tabanou,188696,145070
Kevin Trapp,188943,145550
Stijn Wuytens,188416,145586
Joel Ward,186392,146830
Bryan Linssen,199386,147594
Fallou Diagne,194196,147614
Wout Droste,215592,147601
Leon Balogun,188182,147726
Alexander Esswein,189272,147735
Luiz Gustavo,185221,147729
Josip Ilicic,200647,147951
Marvin Martin,188385,147958
Sylvio Ronny Rodelin,188397,145061
Cheikhou Kouyate,186801,148302
Anele Ngcongca,186564,148314
Christian Benteke,184111,148315
Vytautas Andriuskevicius,200499,148487
Benjamin Andre,190674,148830
Lamine Gassama,189944,149031
Nathan Kabasele,201405,149211
Vincent Manceau,189946,148828
Tom Muyters,136222,149260
Cuco Martina,204519,149855
Jordon Mutch,186117,149917
Marko Vejinovic,189715,150119
Luuk de Jong,189805,150201
Jeroen Zoet,190778,150236
Furdjel Narsingh,188185,150248
Eloy Room,189084,150242
Pedro Rodriguez,189505,150250
Ander Iturraspe,189574,150323
Jose Maria Callejon,185020,150330
Lacina Traore,199074,150297
Libor Kozak,188871,150401
Davide Santon,189484,150466
Andrea Seculin,197689,150464
Pierre-Emerick Aubameyang,188567,150565
Sergio Canales,190286,150649
Kamil Glik,190547,150670
Antonio Amaya,138497,150731
Jordi Alba,189332,150739
Miku,170771,150770
Etrit Berisha,189296,150747
Thimothee Kolodziejczak,190034,150869
Caiuby,189196,150922
Thiago Cionek,189118,151050
Matthieu Saunier,193081,154228
Alejandro Bergantinos,188931,151079
Gregory Sertic,190502,154230
Jordi Feliu Xumetra,188669,150632
Grzegorz Krychowiak,197242,154232
Andrea Bertolacci,192073,154239
Luca Caldirola,199776,154245
Mattia Destro,193338,154249
Xavier Torres,179528,154256
Sergio Busquets,189511,154257
Pedro Mendes,200677,154264
Jordan Ayew,197756,154280
Martin Kelly,184037,154271
Mana Dembele,190685,154856
Mikel Balenziaga,190223,154938
Juan Cuadrado,193082,155066
Federico Fernandez,201988,155050
Paul Bastien Lasne,192242,154233
Harry Arter,184469,155129
Robert Gucher,190076,155262
Omar El Kaddouri,187702,155257
Bastian Oczipka,189390,155534
Ryad Boudebouz,188388,155623
Kevin Gomis,194202,155548
Aaron Cresswell,189615,155782
Adem Ljajic,190544,155738
Matt Ritchie,186395,155913
Keko,194174,156097
Steve Cook,193011,156013
Jordan Henderson,183711,156008
Aleksandar Tonev,204166,156534
Eliaquim Mangala,190531,156551
Sergio Padt,192358,156553
Douglas Costa,190483,156726
Mamadou Samassa,190195,156664
Gotoku Sakai,207472,157252
Markus Henriksen,190549,157101
Denis Oliynyk,200644,155639
Adam Bogdan,184585,157303
Zeljko Brkic,195090,157284
Guram Kashia,192904,157630
William Remy,188602,157560
Christian Eriksen,190460,157723
Kostas Lamprou,199568,156546
Nathaniel Clyne,190456,157838
Yohan Mollo,183800,157859
Mathieu Philippe Peybernes,195313,156716
Alex Sandro,191043,157865
Vaclav Kadlec,189961,158257
Dario Vujicevic,193517,158278
Michail Antonio,190717,158545
Luciano Narsingh,192362,158581
Robert Beric,212023,158297
Darryl Lachman,198135,158841
Jan Kirchhoff,190752,158879
Ermir Lenjani,199283,158886
Celso Ortiz,198129,159465
Francis Coquelin,189271,159594
Gaetan Charbonnier,192647,159839
Kelvin Leerdam,193561,159854
Xabier Etxeita,190507,159881
Timothy Chandler,202316,158234
Kevin Theophile-Catherine,190868,159882
Yannick Bolasie,189157,160194
Alassane Toure,188706,160220
Yoann Andreu,190579,160222
Jack Colback,193942,160243
Ryan Mason,190683,160448
Junior Stanislas,189446,160496
Toby Alderweireld,184087,160599
Tom van Weert,223730,160906
Jaume Costa,193171,160844
Tom Cleverley,189725,160713
Harm Zeinstra,205572,161014
Iago Falque,190264,161015
Marcos Rojo,201862,161035
Daley Blind,190815,161012
Youssef El Arabi,194209,161291
Stephan El Shaarawy,190813,161328
Diego Contento,194727,161396
Ciaran Clark,183129,161414
Emmanuel Riviere,188289,161420
Jose Canas,192238,161651
Ciro Immobile,192387,161660
Isaac Cofie,198908,161661
Sandro Sirigu,190648,162680
Danny Latza,189410,162679
Eugenio Lamanna,190769,162885
James Chester,186130,163200
Karl Darlow,193331,163604
Ivan Perisic,181458,163670
Ivo Pinto,197860,163815
Joshua Guilavogui,198118,161421
Vasco Regini,193686,163918
Pedro Mba Obiang,200054,163919
Ezequiel Munoz,186695,164029
Nick Viergever,193440,164246
Felix Kroos,191066,164259
Konstantinos Manolas,192774,161683
Aleksandar Pesic,223489,164519
Sebastian Coates,197655,165526
James Rodriguez,198710,164684
Ander Herrera,191740,164676
Stophira Sunzu,190276,162914
Kyle Bartley,186158,165704
Sebastien Corchia,191210,165583
Chris Smalling,189881,165823
Juan Carlos Paredes,207448,165773
Wahbi Khazri,194845,166019
Jeroen Tesselaar,204878,166065
Andros Townsend,194932,166422
Yuya Osako,191565,166449
Simone Zaza,202685,166595
Genki Haraguchi,217648,166452
Maxime Lestienne,192537,166575
Victor Wanyama,188942,166676
Carlos Bacca,207664,166648
Sambou Yatabare,192611,166917
Abdelaziz Barrada,192274,167027
Sebastian Jung,192658,167065
Johan Martial,194953,167557
Anthony Lopes,199482,167035
Aleksandar Ignjovski,193211,167094
Emanuele Giaccherini,192841,167634
Kevin Vogt,192641,167589
Yannis Salibur,190014,168342
Artur Ionita,192587,168727
Niklas Hult,192102,169015
Craig Dawson,194806,169162
Alexandre Lacazette,193301,169193
Kevin de Bruyne,192985,169200
Alejandro Bedoya,191173,169217
Alexander Milosevic,202605,169569
Wojciech Szczesny,186153,169718
Aljaz Struna,210879,169752
Connor Wickham,191089,169721
Koen Casteels,192984,170322
Martin Braithwaite,193290,169865
Thibaut Courtois,192119,170323
Eneko Boveda,192122,170341
Marlon Pereira,194913,170441
Pierre Bengtsson,181343,171472
Haris Seferovic,193408,170775
Adam Matthews,193768,170593
Rene Krhin,192205,170667
Moritz Hartmann,192728,171091
Joel Matip,197061,171698
Jordi Figueras,192707,172147
Funso Ojo,184242,171786
Aron Johannsson,203793,172388
Guus Hupperts,193346,172346
Ryan Mendes,194847,172615
Callum McManaman,190852,172841
Junior Caicara,192427,172887
Manolo Gabbiadini,198683,172899
Thiago Alcantara,189509,172949
Andreu Fontas,192476,172948
Danny Drinkwater,186132,173317
Marc Muniesa,192766,173382
Andrej Kramaric,216354,173461
Maxime Le Marchand,192725,173952
Abdoul Razzagui Camara,193953,173955
Jesus Fernandez,192457,174030
Pontus Jansson,194201,174031
Martin Milec,220205,174054
Nicolas Otamendi,192366,174321
Almog Cohen,199661,174093
Erik Lamela,170368,174850
Shiran Yeini,217526,174364
Fernando Lucas Martins,202642,175646
Rajko Brezancic,230037,174690
Iago Aspas,192629,174472
James McClean,198489,175947
Xherdan Shaqiri,193348,176300
Hotaru Yamaguchi,222987,176201
Steven Caulker,193504,176889
Lukas Hinterseer,200433,176831
Jan Oblak,200389,177126
Izet Hajrovic,193780,177475
Karim Onisiwo,229071,176953
Vlad Chiriches,205943,177837
Daniel Ginczek,192445,177720
Philipp Hosiner,204690,177941
Felix Wiedwald,197439,177953
Ermin Bicakcic,201860,177942
Sime Vrsaljko,203890,178120
Timm Klose,199383,178206
Nemanja Gudelj,193198,178753
Lukasz Skorupski,189908,178732
Jeff Stans,193669,178767
Oliver Baumann,193698,178778
Gabriel Paulista,225903,177503
Franco Zuculini,190575,178802
Christian Clemens,193098,178804
Stefan Savic,204639,178955
Willian Jose,195093,179083
Xander Houtkoop,200422,179179
Marcel Ritzmaier,194669,179115
Mikhail Rosheuvel,209662,179218
Bryan Smeets,229212,179208
Michael de Leeuw,204136,179239
Maxime Barthelme,192608,179415
Edgar Prib,192732,179491
Maximillian Beister,193426,178784
Younes Belhanda,193738,179511
Yassine Jebbour,193448,179517
Roderic Filippi,209385,179516
Iker Muniain,189575,179772
Thomas Heurtaux,188654,179791
Walid Mesloub,192824,179828
Yacouba Sylla,201917,179793
Romain Hamouma,192722,179845
Billy Ketkeophomphone,198264,179901
Patrick van Aanholt,186190,180330
Christoph Moritz,194089,180126
Marvin Peersman,200122,180784
Nicolas De Preville,201073,181197
Romelu Lukaku,192505,181276
Oscar de Marcos,190149,181297
Fabio Espinho,193692,181357
Vid Belec,193336,181911
Mattia Perin,198009,181910
Francesco Bardi,193786,181920
Marco Andreolli,172835,181984
Federico Dionisi,173132,181921
Roberto Soriano,193361,181995
Leonardo Blanchard,203745,181997
Mikel San Jose,185132,182224
Archimede Morleo,192823,182776
Luca Marrone,194753,182606
Matteo Ciofani,193974,182715
Marco D'Alessandro,192071,182836
Lukas Rupp,200469,182892
Matthias Zimmermann,192567,182893
Victor Ruiz,193469,182921
Maxime Gonalons,193116,182923
David De Gea,193080,182917
Clement Grenier,187924,182925
Diego Falcinelli,193077,183059
Marcos Gullon,192786,183184
Mario Gaspar,192789,183185
Alvaro Cejudo,146377,183350
Luis Farina,203863,183365
Hugo Mallo,194229,183462
Dani Castellano,190093,183497
Leandro Bacuna,198133,183500
Andy Delort,193983,183530
Stefan Scepovic,198146,183548
Antonio Garcia Aranda,204757,184091
Emmanuel Emenike,199835,183670
Antoine Griezmann,194765,184138
Oliver Kragl,203455,184105
Callum Wilson,196978,184321
Samuel Souprayen,189155,184520
Koke,193747,184533
Marc-Andre ter Stegen,192448,184554
Philippe Coutinho,189242,184536
Atila Turan,195256,184591
Uros Cosic,198900,184770
Jeffrey Bruma,195363,184821
Khouma Babacar,197231,184629
Pape Ndiaye Souare,193475,183519
Fabio Borini,186200,184822
Javi Lopez,195361,185123
Shkodran Mustafi,192227,184999
Kevin Kampl,195365,185175
Joshua King,185422,185236
Miquel Nelom,199566,185554
Mathew Ryan,199005,185644
Mathieu Gorgelin,199721,186811
Jose Raul Baena,195687,186121
Joel Robles,195668,186054
Phil Jones,194957,186137
Dorian Leveque,194086,186805
Jesper Drost,202459,186837
Kamohelo Mokotjo,199169,186847
Mattias Johansson,189300,186880
Alexander Bannink,198144,186923
Matthew Leckie,195033,185014
Faouzi Ghoulam,201454,187017
Giorgos Katsikas,206433,187336
Charlie Austin,195671,187266
Simone Verdi,196889,187360
Bart Schenkeveld,198177,188089
Gilles Sunu,186161,187669
Adrien Regattin,197081,188413
Florentin Pogba,198688,188465
Vincent Le Goff,193148,188467
Stefan de Vrij,198176,188555
Jens Toornstra,198006,188557
Daniel Caligiuri,197083,188498
Felipe Gutierrez,203796,188533
Santiago Vergini,204050,188540
Jonathan dos Santos,170370,189101
Jakob Haugaard,207633,188971
Abdoulaye Diallo,197233,189181
Juan Dominguez Lamas,193735,189178
Aleix Vidal,202493,189192
Luc Castaignos,198175,189237
Leonard Nienhuis,199172,189958
Juan Rafael Fuentes,194519,190452
Ali Ahamada,197678,190741
Gaston Ramirez,201508,190872
Frederic Bulot,189175,191583
Marco Verratti,199556,190972
Giulio Donati,197786,191080
Mexer,196801,191788
Kieran Trippier,186345,191869
Alejandro Arribas,197890,191906
Juanmi,197891,191873
Luca Martinelli,219587,189557
Yoel Rodriguez,185181,192064
Lorenzo Crisetig,197926,192079
Alexander Merkel,200700,192504
Patrick Herrmann,198077,192625
Aymen Abdennour,198076,192770
Eunan O'Kane,197953,192780
Christopher Maboulou,199421,192711
Andreas Ludwig,198070,192712
Nigel Hasselbaink,201302,192856
Diafra Sakho,193554,192899
Benjamin Stambouli,198200,192920
Yaya Sanogo,196932,192921
Jordi Amat,198198,193223
Sergi Enrich,194879,193224
Raffaele Maiello,198223,193439
Pierre-Michel Lasogga,198196,193530
Lorenzo Insigne,198219,193441
Bryan Oviedo,198335,193859
Stefan Bell,198352,193901
Tomas Pina,198368,193978
Enzo Roco,212225,193930
Josip Drmic,198504,194533
Harry Kane,202126,194165
Lucas Perez,199354,194660
Ivan Piris,204977,195190
Martin Hinteregger,201922,195207
Nicola Sansone,201858,195199
Papy Djilobodji,197937,193866
Ferebory Dore,198229,195263
Serge Aurier,197853,195299
Marc Bartra,198141,195305
Damian Suarez,203843,195335
Daniele Baselli,205407,195413
Samuele Longo,208251,195589
Francois Moubandje,198067,195706
Enner Valencia,220295,195927
Carlos Carbonero,215056,195717
Daniel Gimenez,146637,196126
Marcos Alonso,192638,196169
Damjan Djokovic,205983,196186
Vladimir Darida,201262,196311
Alex Oxlade-Chamberlain,198784,196386
Luis Muriel,199110,196484
Anthony Ujah,198554,196366
Abdul Majeed Waris,198420,196947
Nicolas Pallois,199393,198277
Ognjen Vranjes,203624,198217
Michael Gregoritsch,199439,198316
Wilfried Zaha,198717,198510
Marten De Roon,208461,198559
Richmond Boakye,198726,198583
Marco van Ginkel,199767,199291
Lindsay Rose,199464,199810
Saphir Taider,198760,199833
Remy Cabella,193476,199834
Mickael Le Bihan,201145,200509
Marcel Appiah,200158,200743
Philipp Wollscheid,198202,200962
Borja Baston,194996,200917
Diego Reyes,192012,201111
Davide Bertoncini,198587,201617
Remo Freuler,202024,201704
Nathan Redmond,198719,201664
Kevin Malcuit,198949,201938
Cedric Bakambu,198951,201939
Leandro Damiao,198213,202210
Sergio Alvarez Diaz,199158,202639
Marco Crimi,199173,202650
Bryan Dabo,199170,202633
Uffe Bech,201526,204169
Asier Illarramendi,190584,205278
Jannik Vestergaard,202849,205893
Marko Livaja,205855,206242
Matias Vecino,219985,206322
Pawel Wszolek,203568,206695
Marcelo Brozovic,216352,206508
Mauro Goicoechea,211327,206711
Dominik Furman,208630,206795
Trent Sainsbury,199000,207021
Filip Kurto,193302,206809
Renato Ibarra,204738,207243
Granit Xhaka,199503,207236
Juan Quintero,221220,207617
Casemiro,200145,208494
Santiago Arias,204259,207642
Danilo Luiz da Silva,199304,208077
Karim Bellarabi,202857,208230
John Tshibumbu,199522,208676
Adam Maher,200223,209372
Roland Alberg,200231,209373
Jonathan Delaplace,199195,208984
Thulani Serero,202746,209225
Jordy Clasie,199422,209384
Aleksandar Trajkovski,204350,208852
Virgil van Dijk,203376,209405
Nick Marsman,200698,209785
Steven Berghuis,200260,209786
Nathaniel Will,200083,209418
Ben Rienstra,200424,209413
Oscar Duarte,212772,209922
Sergio Escudero,192679,209950
Lucas Digne,200458,210111
Benjamin Lecomte,200726,210114
Samuel Umtiti,205600,210117
Rachid Ghezzal,210372,210120
Dennis Appiah,199191,210126
Jordan Ferri,206306,210119
Remi Mulumba,200130,210115
Nampalys Mendy,198861,210128
Alphonse Areola,193105,210164
Benjamin Jeannot,193226,210146
Jonas Martin,197813,210142
Wissam Ben Yedder,199451,210184
Manuel Lanzini,188988,210276
Roberto Pereyra,193061,210278
Vincent Pajot,198836,210390
Romain Alessandrini,184575,210398
Alexandre Letellier,199574,210387
Kalidou Koulibaly,201024,210428
Eric Bautheac,199418,210406
Wesley Lautoa,199511,210451
Benjamin Corgnet,200966,210404
Yoann Court,199419,210452
Brice Dja Djedje,199286,210691
Aissa Mandi,201143,210683
Danilo Fernando Avelar,202672,210704
Kevin Berigaud,198819,210692
Jasmin Kurtic,202061,210932
Jerson Cabral,199639,211020
Nicolas Issimat Mirin,198868,210185
Oscar Hiljemark,202944,211091
Pawel Olkowski,204687,212377
Edwin Gyasi,204394,212170
Pavel Kaderabek,203605,212156
Tom Beugelsdijk,204476,212370
Oriol Romeu,199576,212470
Sergi Roberto,199564,212472
Jasper Cillessen,199987,212512
Riccardo Saponara,201046,212645
Marco Sportiello,216065,212630
Johan Kappelhof,200105,212520
Kasper Larsen,208102,212708
Lorenzo Tonelli,201049,212643
Roberto Inglese,199559,212770
Sonny Kittel,199912,212814
Timo Horn,200316,212815
Mark Uth,200318,212819
Muhamed Besic,200765,212866
Tolga Cigerci,200754,212881
Kevin Volland,200610,212893
Andre Hoffmann,199779,212915
Moritz Leitner,200857,212892
Nico Schulz,200536,212960
Kevin van Veen,227446,213005
Nicola Leali,201299,213299
Mike Te Wierik,200425,213167
Jerry Uche Mbakogu,200882,212767
Afriyie Acquah,201223,213366
Nolito,199561,213486
Ibai Gomez,199416,213470
Alvaro Vazquez,201403,213489
Nacho Fernandez,200724,213499
Diego Marino,199493,213504
Carles Planas,200517,213694
Martin Montoya,194644,213688
Gadji Tallo,201380,213319
Isaac Cuenca,200735,213702
Ruben Rochina,188103,213711
Cristian Tello Herrera,200315,213704
Saul Berjon,189211,213712
Jonathan Viera,198164,213729
Ramiro Funes Mori,199667,213878
Anaitz Arbilla,199986,213814
Vicente Gomez,199977,213916
Iiass Bel Hassani,220118,213682
Danny Ings,195859,214426
Pele van Anholt,204332,214397
Jeffrey Schlupp,200759,214570
Carl Jenkinson,200841,214685
Geoffrey Kondogbia,201455,214972
Jarchinio Antonia,201450,215005
Allan Nyom,192667,213809
Ross Barkley,199189,215384
Jonathan Ligali,199764,215307
Alessandro Longhi,205720,215725
Bernd Leno,192563,215168
Lucas Bijker,215650,215369
Anthony Limbombe,201938,215419
Jeff Louis,205330,215766
Elias Kachunga,201514,215804
Juan Carlos Perez Lopez,201509,215927
Bruno Uvini,200818,228982
Marvin Plattenhardt,192557,229759
Navarone Foor,202458,230133
Felipe Anderson,201995,230190
Mathieu Deplagne,201523,229855
Lorenzo Lollo,209407,230825
Nicolas Benezet,202035,230900
Raphael Varane,201535,230982
Karim Laribi,190499,231093
Paul-Georges Ntep,201533,231199
Ravel Morrison,201155,231804
Leonardo Pavoletti,205850,231176
Benik Afobe,202052,232253
Henk Dijkhuizen,215618,237534
Felix Klaus,202088,237541
Johannes Geis,202087,237542
Simon Zoller,202276,238438
Valentin Eysseric,201878,237631
Wojciech Golla,205202,238529
Jacopo Sala,197777,238838
Salih Ucan,216814,239061
Michele Camporese,201914,239213
Mateo Kovacic,207410,239219
Valere Germain,203280,239259
Cristiano Piccini,201939,239964
Jon Flanagan,201999,239856
Pablo Sarabia,198950,240054
Saido Berahino,204289,239807
Isma Lopez,193796,239965
Alfredo Morales,202107,239946
Jose Recio,201893,238841
Jetro Willems,205995,240205
Massadio Haidara,201955,240236
Matthias Ostrzolek,202115,240348
Cristiano Biraghi,201389,239350
Danny da Costa,202429,240537
Abel Tamata,202153,240556
Salif Sane,201956,240367
Ted van de Pavert,200375,240788
Gregor Breinburg,200374,240790
Jonathan Schmid,201982,240837
Borja Ekiza,202143,242151
Joel Campbell,204713,242094
Francisco Alcacer,200454,241825
Djibril Sidibe,201042,242156
Nacho Cases,202142,242477
Rafael Alcantara,201400,242469
Roberto Firmino,201942,242709
Diogo Figueiras,204401,242783
Chris Mavinga,193278,243248
Thomas Bruns,202050,243439
Jean-Christophe Bahebeck,202547,242958
Ouasim Bouy,203399,243425
Stefano Marzo,204449,243465
Mitchell te Vrede,200235,243430
Julian Draxler,202166,243164
Thijs Bouma,205046,243489
Dries Wuytens,188424,243481
Filip Bednarek,208894,243490
Peter van Ooijen,210488,243473
Benjamin van Leer,204367,243482
Christian Atsu,205601,242887
Stefan Thesker,207531,243493
Ludcinio Marengo,228873,243500
Anouar Kali,203446,243509
Andre Hahn,211862,243829
Lars Veldwijk,208153,243937
Davide Zappacosta,216150,244811
Jerome Roussillon,202562,244558
Rodrigo Ely,202445,244963
Stefano Sturaro,202135,244966
Filippo Falco,210329,244970
Jeffrey Gouweleeuw,202201,245315
Geronimo Rulli,215316,245555
Sergio Alvarez Conde,163806,246201
Juan Manuel Iturbe,199151,245572
David Junca,202501,246218
Gerard Moreno,208093,246438
Juan Carlos Martin Corral,194730,246422
Raheem Sterling,202652,246575
Lion Kaak,207832,248123
Joey Pelupessy,209701,248151
Cas Peters,218062,248154
Chaker Alhadhur,203885,248169
Paul Pogba,195864,248453
Michy Batshuayi,204529,248689
Federico Viviani,202828,251384
Andre Ramalho Silva,210007,251244
Gerard Deulofeu,202477,251925
Lucas Andersen,203903,252969
Nikola Maksimovic,215466,253088
Florian Thauvin,204970,254308
Paul Gladon,223115,253121
Thievy Bifouma,202882,254702
Simon Thern,201965,255221
Ruben Ligeon,204138,257828
Jores Okore,204163,257847
Alvaro Gonzalez Soberon,202935,257855
Issa Cissokho,138704,258873
Branimir Hrgota,209504,258245
Robin Knoche,203030,259296
Mike van Duinen,205603,259375
Filip Mladenovic,221969,259439
Emil Krafth,207650,259306
Nicolas Castillo,212878,259507
Stephen Kingsley,223747,259810
Leonardo Bittencourt,203106,260470
Berat Djimsiti,208165,260964
Muamer Tankovic,209529,261597
Jordan Veretout,201519,261313
Adnane Tighadouini,203377,261599
Dimitri Foulquier,203177,261609
Vladlen Yurchenko,223759,261653
Iago Herrerin,193152,261787
Moi Gomez,206590,262592
Maxime Dupe,204513,263511
John Stones,203574,263653
Arlind Ajeti,203458,263796
Ismael Diomande,203435,264085
Thorgan Hazard,203486,264190
Kevin Wimmer,209997,264221
Mike van der Hoorn,207725,264860
Alessandro Florenzi,203551,264842
Ante Rebic,220018,265725
Alexandre Coeff,188601,265727
Gregoire Defrel,202851,265924
Andre Wisdom,201908,265918
Dominik Masek,212235,266841
Viktor Fischer,203965,266526
Gaston Brugman,205726,267260
Bruno Gonzalez,200228,268273
Bruno Peres,210282,267911
Manuel Trigueros,206545,268282
Edenilson,204032,268394
Christoph Kramer,204024,269788
Silvan Widmer,216158,275034
Franco Vazquez,207471,270774
Philip Heise,211872,276700
Florian Niederlechner,211899,276760
Thomas Vincensini,209644,277348
Gael Angoula,199560,277384
Christophe Kerbrat,204338,277412
Alexi Peuget,204173,277443
Florian Raspentino,204260,277439
Georgiy Zhukov,210870,269806
Arkadiusz Milik,205175,277460
Lorenzo Burnet,203845,277608
Chancel Mbemba,210897,277761
Daryl van Mieghem,204840,277609
Florian Jozefzoon,200113,277597
Khalid Karami,215528,278284
Paulo Gazzaniga,205186,278285
Bouna Sarr,204472,278341
Riyad Mahrez,204485,278343
Julian Korb,204307,278815
Thomas Lam,208018,278838
Stanley Elbers,204489,278848
Janek Sternberg,204420,278823
Yunus Malli,192565,278863
Jurgen Mattheij,203875,279104
Kevin Jansen,204392,279107
Faycal Fajr,205083,279173
Emiliano Sala,204819,279172
Robin Quaison,208451,279392
Jamaal Lascelles,203487,279489
James Ward-Prowse,205569,279490
Matteo Bianchetti,205363,279820
Molla Wague,205243,279873
Angel Trujillo,194200,280485
Aleksandar Pantic,216472,280638
Jordon Ibe,205540,280653
Benjamin Mendy,204884,280965
Filip Kostic,208574,281012
Jese Rodriguez,202515,281085
Brahim Darri,205557,281110
Brayan Perea,213303,281999
Tomi Juric,213321,281206
Kurt Zouma,204311,281207
Luca Lezzerini,219584,282059
Konstantinos Stafylidis,202151,282182
Marios Oikonomou,216523,282420
Alvaro Vadillo,204830,282467
Karim Rekik,205193,282286
Denis Suarez,205192,282281
Marcello Trotta,204250,282278
Sergi Darder,202648,282472
Inigo Martinez,204525,282676
Daniel Carvajal,204963,282674
Ruben Pardo,204523,282678
Alex Menendez,204135,282689
Juan Bernat,205069,282691
Zouhair Feddal,205705,282473
Fran Rico,174859,282713
Manuel Pucciarelli,205735,282723
Mauro Icardi,201399,282770
Jorginho,205498,282775
Anass Achahbar,204098,287333
Jamie Vardy,208830,286119
Filip Helander,207555,287337
Loris Karius,203775,287894
Menno Heerkes,210462,287645
Christian Santos,193169,288349
Isaac Kiese Thelin,205985,289140
Mattia De Sciglio,206058,288613
Lenny Nangis,205641,289155
Jack Butland,203042,288880
Jurgen Locadia,204366,289441
Kevin Stewart,206538,289817
Sanjin Prcic,206167,290022
Wilfried Zahibo,206207,291131
Jhon Cordoba,210287,291425
Pedro Bigas,206222,291635
Roque Mesa,204277,292262
Paul Nardi,206218,291643
Norbert Gyomber,220061,291655
Mohamed Salah,209331,292462
Romain Saiss,208295,292678
Caner Cavlan,205926,292769
Somalia,213556,292978
Dico Koppers,204386,292773
Elseid Hysaj,210864,293160
Achraf Lazaar,206161,293235
Andre Biyogo Poko,205998,292772
Fernando Lewis,204504,293360
Luca Antei,205529,293205
Simon Tibbling,207559,293722
Alassane Plea,206467,294859
Igor Lichnovsky,214408,298327
Davy Klaassen,203483,298448
Diego Rolan,213114,297579
Maximilian Arnold,206511,298915
Mitchell Weiser,206591,298823
Alexandru Maxim,211061,298923
Robin Propper,208462,298933
Sebastian Steblecki,208907,299021
Jesse Lingard,207494,299215
Josip Radosevic,211671,298940
Vincent Laurini,210859,299370
Antonio Di Gaudio,216079,299374
Luciano Dario Vietto,207441,294003
Terence Kongolo,203485,299572
Ricardo van Rhijn,200111,299514
Kevin Lasagna,224933,299886
Bryan Cristante,208268,299799
Javier Manquillo,210972,299984
Alberto Brignoli,210358,299879
Emanuele Suagher,216789,300236
Sergio Rico,206652,300532
Armando Izzo,216145,301023
Luca Rizzo,219758,300683
Jeison Murillo,201377,301456
Kevin Mayi,207754,303025
Nabil Ghilas,209473,301809
Bertrand Traore,207948,303059
Patrick Bamford,206534,302241
Roger Marti Salvador,207732,303088
Koffi Djidji,203884,303155
Mohamed Yattara,207640,303334
Sadio Mane,208722,303339
Mehdi Zeffane,207745,303358
Steeve Yago,207746,303360
Amos Youga,207744,303359
Dominique Heintz,206198,303800
Alejandro Galvez,199487,303484
Memphis Depay,202556,303824
Dominik Kohr,212212,303905
Matthias Ginter,207862,303912
Tobias Strobl,207894,303914
Jordan Pickford,204935,303919
Oliver Sorg,201016,303913
Luciano Slagveer,202200,303926
Sead Kolasinac,207993,304345
Tonny Vilhena,203535,304000
Joel Veltman,208004,304455
Sander van de Streek,204370,304668
Terell Ondaan,210011,305831
Hakan Calhanoglu,208128,304733
Igor Bubnjic,220052,306296
Ricardo Pereira,210243,306128
Sebastian Cristoforo,219712,306407
Jonas Hector,208334,307210
Pierre-Yves Polomat,208324,307017
Paul Dummett,204355,308932
Odisseas Vlachodimos,209317,304355
Milan Skriniar,232363,309328
Amin Younes,205966,309505
Saul Niguez,208421,309334
Andrea Belotti,208596,309726
Louis Poggi,150447,311003
Fabian Holland,208470,310355
Pierrick Capelle,209781,310836
Clement Maury,107391,311009
Baye Oumar Niasse,208339,306913
Yoell van Nieff,208602,312791
Jack Grealish,206517,312765
Modou Barrow,207645,313668
Gaston Silva,220702,315460
Alberto Moreno,205566,314605
Adrien Thomasson,208787,317062
Oliver Torres,208777,316771
Alfred Duncan,208535,317156
Ogenyi Onazi,202934,317717
Ruben Vezo,215399,318526
Sam Larsson,209782,318809
N'Golo Kante,215914,319300
Joaquin Correa,215330,319631
Matheus Doria,209329,320686
Younes Namli,226539,320672
Yassine Benzia,206436,319822
Rodrigo De Paul,212616,324578
Abdul Rahman Baba,209620,324910
Paulo Dybala,211110,325916
Jonas Hofmann,210324,331542
Erick Pulgar,213629,335606
Jerome Gondorf,211907,335436
Leon Goretzka,209658,343748
Birama Toure,209698,348408
Mauricio Cuero,214434,346379
Kevin Mbabu,210625,350472
Aleksandar Mitrovic,215716,351860
Wilfried Kanon,221641,350986
Mark Diemers,216289,351898
Karim Tarfi,209859,351939
Hicham Faik,229104,351875
Brandley Kuwas,228666,352358
Mickey van der Hart,208782,352365
Timo Letschert,209839,352392
Mitchell Dijks,208459,352366
Maxime Poundje,209301,352833
Mouez Hassen,209483,352860
Adrien Rabiot,210008,352879
Jordan Adeoti,209691,352943
Sebastien Haller,205693,352968
Abdoulaye Doucoure,208135,352887
Raphael Guerreiro,209889,352994
Wouter Weghorst,223689,351999
Mory Kone,209831,354482
Marc Stendera,210583,355357
Khalid Boutaib,210439,354491
Morgan Sanson,210896,355901
Giovanni Korte,210213,357230
Adama Soumaoro,200353,357881
Leo Baptistao,205976,358127
Ruben Duarte,226637,358138
Sergi Gomez,199577,358148
Yrondu Musavu-King,209890,354472
Daniele Rugani,211320,358155
Carles Gil,210930,358289
Lucas Ariel Ocampos,205632,357080
David Simon,204278,358339
Omar Mascarell,208620,359191
Lucas Vazquez,208618,359193
Denis Cheryshev,206225,359197
Mimoun Mahi,225114,359461
Hakim Ziyech,208670,360559
Antonio Cotan,219864,358142
Oussama Tannane,208045,360560
Joao Cancelo,210514,361757
Jonny,210455,360918
Helder Costa,221743,361790
Eric Dier,202335,361315
Ivan Cavaleiro,212267,361792
Slimane Sissoko,229000,361793
Edoardo Goldaniga,223524,362121
Marco Benassi,211354,362113
Ibrahima Mbaye,210320,362115
Alessio Romagnoli,210413,362195
Danilo Cataldi,211361,362120
Piotr Zielinski,210406,362212
Dele Alli,211117,363333
Luke Shaw,205988,362694
Dwight Gayle,205670,363340
Corentin Jean,211239,363359
Stefano Sabelli,206159,364104
Domenico Berardi,210935,364520
Riccardo Fiamozzi,210880,364532
Federico Barba,211557,365624
Sofiane Boufal,211381,365672
Ibrahim Amadou,211382,369788
Iver Fossum,213777,375732
Michael Olaitan,218363,371538
Luis Hernandez,205590,384374
Ruben Garcia,211022,384413
Thom Haye,209316,384446
Serge Gnabry,206113,385437
Kenny Otigba,204627,363369
Milos Jojic,221838,387727
Joshua Brenet,209818,389845
Salvador Ichazo,227668,394824
Neal Maupay,211784,391064
Ruben Blanco,211101,396526
Alen Halilovic,216349,395154
Emiliano Velazquez,225299,394825
Raman Chibsah,206109,399549
Eddy Israfilov,206035,369859
Gaetano Monachello,215751,400957
Stipe Perica,219469,401343
Alexander Djiku,212219,407765
Rodrigo Aguirre,224201,401095
Issiaga Sylla,212282,409193
Abdoulaye Keita,212280,409003
Jose Gaya,211688,391058
Todd Kane,204847,410015
Aymeric Laporte,212218,411617
Richairo Zivkovic,212210,412708
Matias Kranevitter,214977,412762
Gianluca Pegolo,106795,414788
Ridgeciano Haps,210384,414232
Anthony Martial,211300,413557
Federico Bernardeschi,212404,414245
Riccardo Gagliolo,216067,414854
Gaetano Letizia,216072,414856
Roberto Crivello,224316,415024
Matteo Mancosu,215982,415113
Clinton Njie,220786,409161
Mirko Gori,224314,415500
Luca Bittante,216139,415308
Luca Paganini,224315,415501
Matteo Politano,216409,415539
Nathan Ake,208920,417068
Danny Bakker,212485,417818
Tyias Browning,200741,419196
Diego Llorente,212602,420568
Gautier Lloris,222286,420731
Romain Philippoteaux,212519,420867
Mario Lemina,212811,421786
Joris van Overeem,210010,422121
Sven van Beek,213000,424879
Jaroslav Navratil,212538,422128
Jimmy Cabot,212947,423190
Antoine Conte,213021,424918
Niklas Stark,212977,425962
Calum Chambers,205989,425255
Divock Origi,213135,426202
Nemanja Radoja,225028,425985
Guy N'Gosso,159047,426553
Pablo Martinez,223284,426670
Gaetan Bussmann,201025,426873
Hamari Traore,219789,426892
Jordan Rolly Botaka,207872,422413
Tin Jedvaj,215930,427062
Hector Bellerin,203747,427438
Jozabed,210214,427893
Remi Walter,213313,427855
Santi Mina,212623,428947
Kingsley Coman,213345,429265
Alex Telles,212462,428672
DeAndre Yedlin,212722,432040
Diego Laxalt,213400,429988
Daniel De Silva,213488,432389
Isaiah Brown,213490,432421
Zakaria Bakkali,208790,432463
Stephan Raheriharimanana,213521,432447
Cheikh Ndoye,215495,426612
Angel Correa,214997,432950
Ricardo Horta,213516,432591
Dani Garcia,216194,433311
Stefan Lex,213117,433951
Gonzalo Escalante,219391,434404
Uros Spajic,215892,435214
Boris Radunovic,231073,435684
Marcos Lopes,212692,435669
Hervin Ongenda,213702,435960
Daniel Amartey,212883,436036
Morten Thorsby,222475,439148
Rade Krunic,229758,438456
Simon Gustafson,213613,438572
Baptiste Guillaume,213839,438167
Abdoulaye Toure,210450,439366
Kaan Ayhan,207790,441164
Ager Aketxe,213937,441441
Ivailo Chochev,224202,434778
Gaston Pereiro,229636,441883
Steven Moreira,212401,444000
Jeremy Toljan,214622,443966
Fares Bahlouli,214907,445868
Alex Ferrari,219852,447488
Mario Pasalic,223273,446266
Sehrou Guirassy,215441,448540
Matteo Fedele,215401,448321
Christian Mathenia,215417,448805
Adnan Januzaj,208330,449241
Mijat Gacinovic,230564,448859
Andreas Christensen,213661,449232
Ander Capa,216189,449492
Jemerson,215792,449666
Shadrach Eghan Kwesi,197932,444187
Peet Bijen,218047,450708
Wallace Fortuna dos Santos,216437,450002
Burgui,215644,452243
Timo Werner,212188,450980
Yannick Gerhardt,212245,450976
Matt Miazga,215565,458324
Yoshinori Muto,228717,459499
Alexander Hack,231111,459000
Xabi Irureta,203688,449484
Joshua Kimmich,212622,460632
Rico Strieder,228644,462004
Sergej Milinkovic-Savic,223848,463301
Guillermo Varela,219914,465614
Wesley Hoedt,216774,465628
Karim Azamoum,216237,465924
Theo Bongonda,217877,466132
Mohamed Larbi,223285,466143
Franck Hery,228811,466294
Cedric Yambere,225934,466308
Marcel Tisserand,216247,466357
Jessy Pi,214991,466430
Mike Maignan,215698,466439
Allan Saint-Maximin,216388,466482
Lucas Woudenberg,211195,466832
Joost van Aken,216271,466854
Kyle Ebecilio,202802,466843
Joey Sleegers,204510,466834
Sean Klaiber,219814,466861
Hidde Jurjus,228860,467024
Alireza Jahanbakhsh,215871,466890
Dean Koolhof,207464,467027
Vincent Janssen,226537,467022
Laszlo Kleinheisler,231493,467318
Kevin Vermeulen,223227,467466
Riechedly Bazoer,212269,467479
Bas Kuipers,217585,467480
Vincent Vermeij,216823,467488
Farshad Noor,230036,467494
Jorrit Hendrix,212755,467495
Mohamed Rayhi,224187,467499
Kristopher Vida,218054,467513
Jari Oosterwijk,218033,467521
Thomas Lemar,213565,468931
Cihat Celik,217820,469282
Youssouf Sabaly,215699,467689
Mahmoud Dahoud,218339,469701
Kenan Karaman,212240,469763
Kenny Tete,216266,469804
Nabil Fekir,216594,469852
Abdelmalek El Hasnaoui,209399,467485
Jean Michael Seri,216451,470539
Jose Mauri,219998,470868
Corentin Tolisso,219683,473852
Jordan Amavi,219681,473853
Antonio Sanabria,219932,474448
Deyverson,215421,476769
Samuel Garcia,201379,474672
Ali Adnan,223198,476771
Raul Albentosa,207997,477471
Levin Mete Oztunali,213134,469764
Jose Luis Morales,216475,477472
Edgar Antonio Mendez,219728,477493
Salva Ruiz,210747,477604
Raul Lizoain,199101,477498
Sandro Ramirez,217731,477615
Tiemoue Bakayoko,219809,478393
Federico Nicolas Cartabia,216796,474680
Ayoze Perez,215590,479020
Adrian Embarba,219953,482331
Albert Rusnak,210423,484858
Hans Hateboer,220093,485047
Joseba Zaldua,220132,485141
Roberto Gagliardini,212153,485634
Wendell,216466,487867
Bernardo Silva,218667,488139
Philipp Max,212187,488298
Djavan Anderson,209401,486819
Javier Noblejas,219840,477595
Balde Diao Keita,215785,488958
Renato Tapia,220673,489288
Rai Vloet,221120,489959
Robert Ibanez,219652,489245
Laurent Dos Santos,215969,491167
Said Benrahma,220621,491883
Melvyn Lorenzen,220650,493160
Demarai Gray,220633,492586
Sheraldo Becker,223790,495222
Adalberto Penaranda,231638,495841
Dejan Drazic,230132,496054
Jairo Riedewald,221269,496563
Marco Asensio,220834,498033
Ryan Thomas,220763,496356
Adam Masina,225410,500502
Nabil Bentaleb,213296,500520
Franck Honorat,220876,501543
Valmir Sulejmani,220881,501569
Wallyson Mallmann,222152,500939
Bilal Basacikoglu,209769,503629
Joachim Andersen,224221,503659
Lucas Hernandez,220814,504606
Andy Kawaya,220908,504613
Branco van den Boomen,229158,505059
Andrea Conti,223329,506364
Kristoffer Peterson,210386,510399
Yoan Cardinale,221130,510569
Thomas Toure,222883,512740
Victor Camarasa,219571,513086
Timo Baumgartl,223641,514301
Dabney Dos Santos,224243,512747
Matthew Pennington,216791,516273
Julian Brandt,212194,516846
Rodrigue Casimir Ninga,231041,503149
Nico Elvedi,221491,517346
Milos Veljkovic,221354,515333
Gino Bosz,221646,518535
Robin Gosens,223697,518346
Ricardo Kishna,211176,518373
Daley Sinkgraven,216380,514806
Godfred Donsah,221695,518663
Enzo Crivelli,221740,519575
Duncan Watmore,216268,520230
Paul Seguin,221885,520342
Arber Zeneli,221919,520659
Ulisses Garcia,223143,520979
Julian Weigl,222028,521421
Munir El Haddadi,220253,522579
Federico Ricca,232437,522203
Carlos Vigaray,221923,518240
Albian Ajeti,222352,527104
Alvaro Medran,212476,523390
Federico Mattiello,220466,528439
Patrick Roberts,221982,527549
David Goldar,222407,528873
Jerome Prior,222411,529324
Leroy Sane,222492,530859
Max Christiansen,226686,531014
Malcom,222737,535603
Daniel Ceballos,222509,531629
Gabriel Boschilia,221701,535938
Luca-Milan Zander,222773,536440
Paulin Puel,222762,536526
Leo Dubois,216643,536584
Lewis Baker,211504,538499
Gian-Luca Waldschmidt,220085,540073
Matt Targett,218659,538112
Mohamed Fares,226356,541556
Marvelous Nakamba,222994,541330
Lorenzo Pellegrini,228251,540307
Jony,222943,541557
Alberto Guitian,198474,543020
Pau Sabata,221087,532942
Sergio Rochet,223690,553476
Rick Dekker,221521,553477
Marvin Schulz,223756,553555
Wouter Marinus,208781,553479
Pierluigi Gollini,211515,553849
Joel Gerezgiher,223904,553598
Robert Bauer,223765,555385
Marius Wolf,224425,556029
Rick Karsdorp,222558,560852
Gideon Jung,223751,553557
Alexandre Mendy,223510,560900
Wessel Dammers,223566,560853
Presnel Kimpembe,225850,562035
Juan Munoz,224045,561433
Tyronne Ebuehi,224213,561844
Janio Bikel,219979,561849
Valentin Vada,220609,562688
Cameron Brannagan,220940,562593
Yacine Bammou,223875,562697
Grejohn Kyei,222636,562695
Valentin Lavigne,221862,562694
Samuel Castillejo,210617,562062
Oscar Zawada,224324,560109
Ramy Bensebaini,224196,559065
Valentin Rongier,223874,562719
Anthony Walongwa,223873,562698
Derrick Luckassen,224242,562801
Queensy Menig,209503,562849
Quentin Cornette,225584,562721
Jelle van der Heyden,228241,562875
Stephane Sparagna,224810,562995
Yann Bodiger,224591,563069
Anthony Ribelin,224882,564859
Francois Kamano,224218,564856
Almamy Toure,227873,563216
Kevin Diks,224841,566158
Danilo Barbosa da Silva,223517,570432
Rolando Aarons,222513,570431
Rubio Rubin,224149,570980
Javier Eraso,223608,573793
Eric Bertrand Bailly,225508,574200
Vincent Koziello,225199,574633
Carlos Castro,225121,574654
Hidde ter Avest,226436,574234
Ellyes Skhiri,225126,574642
Joan Jordan,224309,574662
Issa Kallon,207740,574789
Reece Oxford,225908,575789
Alberto Grassi,220475,575364
Jorge Mere,223033,580589
Obbi Oulare,225530,581798
Daniele Verde,225844,585237
Hector Hevel,225657,586478
Kingsley Ehizibue,225669,586474
Bart Straalman,228870,586678
Joel Drommel,228279,588337
Jean-Kevin Augustin,225713,589349
Dominic Solanke,225539,591734
Patrick McNair,213697,575780
Sofyan Amrabat,224158,593116
Babacar Gueye,225368,601783
Thomas Robson,224834,598091
Alessio Da Cruz,230557,602306
Paul Bernardoni,223898,602493
Seko Fofana,216320,602211
Maximilian Eggestein,226168,602523
Julien Romain,226163,602555
Inaki Williams,216201,604105
Desevio Payne,226174,602836
Luca Checchin,231434,603464
Umar Sadiq,231627,590494
Alexis Blin,222982,605848
Assane Demoya Gnoukouri,225970,595586
Alex Iwobi,213655,604785
Ruben Loftus-Cheek,213666,604982
Aritz Elustondo,226221,607148
Tarik Kada,227908,610238
Hamadou Karamoko,226718,610534
Connor Randall,216299,611682
David Ivan,228516,610668
Benjamin Pavard,226851,611223
Patrick Joosten,228568,611532
Sheyi Ojo,224021,608125
Lucas Tousart,227234,612277
Assane Diousse,230144,612212
Kevin Soni,228357,612405
Paul Andre Guerin,226435,607121
Davide Calabria,228881,612755
Frederic Guilbert,227222,612747
Donny van de Beek,221363,612836
Zakaria El Azzouzi,232227,613255
Olivier Boscagli,225863,613715
Deniz Hummet,227579,614163
Theoson Jordan Siebatcheu,227558,613714
Nadiem Amiri,225309,614449
Felix Platte,227604,614212
Bart Ramselaar,227633,614453
Juninho Bacuna,226677,614574
Inigo Lekue,225523,616544
Gianluigi Donnarumma,230621,618878
Florian Grillitsch,228336,617044
Alessandro Piu,230145,620524
Jeroen van der Lely,229969,619297
Andre Anguissa,227236,612863
Yuning Zhang,228017,623091
Vaclav Cerny,216860,623540
Olivier Kemen,220175,625164
Jonathan Correia,228294,625167
Mamadou Sylla,224967,629579
Mauro Arambarri,232665,625340
Alois Confais,228592,634113
Alfonso Pedraza,228302,629594
Leon Guwara,232643,637199
Felix Passlack,228080,637753
Jon Bautista,233231,636565
Borja Mayoral,228635,635772
Josep Sene,227990,638029
Nacho Monsalve,226208,638089
Bruno Henrique,230885,638778
Darren Rosheuvel,216256,638613
Timothy Fosu-Mensah,232270,639058
Curro Sanchez,231733,640725
Sabin Merino,226215,639150
Zinedine Machach,228821,642618
Jeremie Boga,224422,643229
Kelechi Iheanacho,225719,643709
Kenji Gorre,213694,643232
Josip Posavec,232350,655544
Yaw Yeboah,229217,644001
Tim Linthorst,229213,651112
Youssef El Jebli,229215,657454
Levi Opdam,232659,660130
Pantelis Hatzidiakos,229150,660132
Thomas Ouwejan,229155,660136
Julian Lelieveld,229907,660153
Achille Vaarnold,229149,660145
Milot Rashica,229167,660165
Thomas Agyepong,229968,661884
Louis Nganioni,223070,661897
Jack Byrne,218744,661902
Lassana Coulibaly,230107,664587
Philipp Ochs,229701,664585
Aldo Kalulu,230079,664961
Waldemar Anton,229476,664970
Jay-Roy Grot,230561,666957
Fabrizio Alastra,230674,670927
Marlon Frey,225564,667787
Suat Serdar,230065,667790
Amadou Diawara,230613,668307
Giuseppe Pezzella,230681,670928
Jordan Leborgne,229849,671644
Olivier Ntcham,218745,671159
Rodrigo Hernandez,231866,675088
Bart Nieuwkoop,226662,680011
Kevin Toner,225450,680815
Gustavo Hebling,230012,680032
Aly Ndom,231109,681965
Benjamin Henrichs,228579,681383
Jonathan Leko,231408,682552
Pablo Fornals,226456,683450
Adam Ounas,231242,684978
Christian Pulisic,227796,688295
Joris Gnagnon,231361,687733
Oussama Idrissi,228747,690188
Omar El Baad,231483,690290
Ousmane Dembele,231443,692984
Cameron Borthwick-Jackson,231535,693138
Marcus Rashford,231677,696365
Ludovic Blas,231102,693171
Issa Diop,231633,696443
Alban Lafont,231691,698273
Ronael Pierre-Gabriel,231685,699362
Kylian Mbappe Lottin,231747,701154
Jordan Lyden,224526,706985
Christopher Nkunku,232411,704523
Antoine Rabillard,232118,717270
Charly Musonda,204233,722766
Levi Garcia,229153,717557
Dorian Caddy,231226,719413
Dennis van der Heijden,233027,725718
Justin Hoogma,231823,728414
Charles Traore,231098,720738
Rees Greenwood,225462,750435
Aissa Laidouni,233642,715642
Fynn Arkenberg,233969,748432
Diego Costa,179844,19243
Antolin Alcaraz,138949,11736
Adam Johnson,165740,24159
Stefano Mauri,51100,25594
Francois Modesto,105471,26216
Luca Toni,23015,30709
Manuel Pablo,8963,33756
Kelvin Davis,152469,35496
Javier Martinez,177610,37410
Claudio Bravo,174543,37421
Charlie Adam,155976,39109
Francisco Molinero,166664,38064
Fernando Damian Tissone,177981,39198
Adrian Lopez,173818,45744
Matias Fernandez,174549,47373
Jackson Martinez,196144,51360
Stefan Daniel Radu,165109,43341
Beto,182629,97498
Rostyn Griffiths,169479,113189
Luisinho,180359,115519
Adam Smith,190885,160447
Kyle Walker,188377,159833
Abraham Gonzalez,159566,165706
Dodo,193571,177874
Santiago Garcia,200278,196205
Gabriel Silva,197688,202341
Rafael Martinho,199205,213317
Adryan,205008,263276
Wallace Oliveira dos Santos,204254,267369
John Anthony Brooks,204082,278831
Pedro Henrique,207929,304856
Cleber,208895,307069
Emre Can,208333,307021
Milan Gajic,183784,504033
Brad Smith,210389,515338
Bernard Mensah,222457,529285
Valmir Berisha,221839,520341
Erwin Koffi,225685,586199
Nili,165862,638105
Pedro Pereira,220127,660010
Marcus Regis Coco,226414,606491
Diego Gonzalez,214770,684723
Paolo Lemos,229270,643570
Jonatan Montiel,224877,710807
Miranda,168609,19327
James Collins,19292,24751
Raffael,144622,25819
Hilton,153260,26138
Pepe,120533,25921
Alex,136130,26564
Naldo,171919,28480
Robert Elliot,167931,23979
Tiago,4098,30871
Alex Song,157503,23678
Rolando,163083,31300
Raul Garcia,171579,33871
Fernando Navarro,53014,33848
Jose Leonardo Ulloa,165788,26554
Wilfredo Caballero,139062,28955
Pepe Reina,24630,30660
Heurelho Gomes,135451,30455
Gonzalo Castro Randon,167431,27427
Maxwell,53405,34304
Adriano,164082,33992
Maicon,135455,34305
Jacques Alaixys Romao,159175,31037
Fernando Llorente,162131,33030
German Dario Lux,138798,32678
Angel Lopez,134963,33733
Duda,110283,37450
David Silva,168542,37459
Cani,110026,37480
Pedro Lopez,157479,37597
Alexis,135742,37479
Ruben,146996,37656
Joaquin,45186,37824
Dante,158625,38432
Bradley Jones,165735,35442
Roger de Oliveira Bernardo,193985,34675
Rincon,181734,39303
Alberto Lopo,110341,37451
Brandao,121591,40197
Juanfran Garcia,10764,37484
Ronny,169126,40605
Moussa Dembele,162240,41008
Miguel Torres,178746,41470
Issiar Dia,168253,38951
Daniel Graham,163340,38759
Juanfran Francisco Torres,146760,38424
Mariano Damian Barbosa,142959,38467
Juan Vargas,167305,39719
Danny Rose,169595,46353
Mustapha Bayal Sall,178679,41198
Nicholas Sebastian Frey,1289,42008
Julien Palmieri,182166,42693
Juan Gomez,203671,42491
Ricardo Alvarez,204555,50189
Carlos Sanchez,182882,56972
Mbaye Niang,204077,46241
Christiaan Kum,178187,45496
David Garcia,146059,74991
Johan Carrasso,181694,46704
Diego,201103,89476
Willian,180403,94086
Papiss Cisse,177765,46700
Pape Kouli Diop,178250,46836
Carlos Emilio Carmona Tello,188413,49940
Alberto Garcia,186681,102394
Jose Salomon Rondon,189250,51545
Simao,188124,105351
Mame Biram Diouf,187084,72735
Sergio Romero,173373,109060
Joris Steve Marveaux,139862,93466
Laure,188930,111190
Javi Moreno Marquez,191059,80492
Cala,186519,112205
Marquinho,184704,128020
Mariano,184949,122047
Manu Fernandez,172594,96651
Mauricio,187324,128036
Bruno Andrade,203799,143523
Oscar,188152,128864
Rafael de Andrade Bittencourt,140082,105828
Miguel Lopes,188840,150080
Lora,185135,150480
Eder,189795,150026
Coke,172316,151063
Miguel Britos,189067,114769
Sandro,190782,156727
Joo-Ho Park,191566,130667
Tino Costa,188791,134236
Sung-Yueng Ki,180283,144996
Manuel Lillo Castellano,189553,150735
Adrian,194911,169756
Joel Chukwuma Obi,193337,154246
Wakaso Mubarak,188337,150872
Joselu,173608,172321
Neto,194404,176186
Pape Abdou Paye,210527,158845
Romulo,193839,178603
Cedric Soares,201118,160627
Tongo Hamed Doumbia,192767,166020
Lucas Nahuel Castro,205633,166509
Ronaldo,200881,182849
Tito,145889,183449
Pascal Gross,190765,167008
Allan,199914,188652
Francisco Portillo,193844,193226
Isco,197781,191315
Lucas Alfonso Orban,191488,173427
Rodrigo,198329,193869
Ludovic Lamine Sane,192333,179393
Juan,200752,197352
Idrissa Gana Gueye,193474,179410
Ashley R. Westwood,189280,182223
Luis Alberto,198706,198566
Guerrero,198150,206301
Sergio Ezequiel Araujo,198145,190669
Bebe,166074,210065
Abdoulaye Diallo Sadio,204171,194479
Charles,164029,213653
Jesus Corona,193165,210956
Vitolo,199715,213805
David Lopez,201505,215584
Mihai Alexandru Roman,154860,196957
Ja-Cheol Koo,182152,201888
Elvis Manu,201061,240346
Antonio Luna,199157,202553
Jota,202541,244563
Thomas Carroll,202491,212702
Heung-Min Son,200104,212867
Hernan,202413,243781
Alvaro Morata,201153,213501
Lucas Moura,200949,215299
Lavyin Kurzawa,201510,215798
Danny Ward,207998,254472
Robert Brady,201884,231801
Leandro Daniel Paredes,207439,237606
Gabriel,201931,265273
Marquinhos,207865,267365
Hugo Rodriguez,205683,277347
Ben Davies,205923,276121
Dong-Won Ji,199266,242308
Guilherme,209236,267863
Jeong-Ho Hong,200588,245526
Pedro Pablo Hernandez,199827,246177
Suso,202651,280276
Matos,201363,282060
Alhassane Bangoura,203528,256727
Mario Rui,204614,282731
Ivan Lopez,206238,287691
Jairo,205869,287231
Guido Marcelo Carrillo,215334,267894
Souahilo Meite,205391,279477
Oezkan Yildirim,204436,278867
Lucas Silva,209749,346004
Siam Ben Youssef,207788,303345
Fabinho,209499,359188
Patric,206098,358149
Andre Gomes,211575,361770
Bruma,211368,361322
Rafidine Abdullah,208384,308843
Lesley de Sa,203763,298449
Jin-Su Kim,213317,309496
Jose Mari,210868,364244
Roberto Correa,208638,314947
Brendon Galloway,209852,316688
Wanderson,210872,389202
Eric Durm,207920,331528
Yassine Ayoub,204102,352404
Hector Hernandez,203216,409005
Bruno Fernandes,212198,422685
Victor Romero Rodriguez,211017,369800
Jaume,220604,489240
Varela,214929,445907
Gilberto Junior,211567,387499
Jonathan Rodriguez,223816,495107
Max Meyer,212150,425963
Gnaly Maxwell Cornet,215798,426880
Nathan,222060,521945
Matt Grimes,212118,478357
Adama Traore,225151,533212
Pablo Perez,222944,541558
Francisco Rodriguez,223146,543288
Matias Nahuel Leiva,221564,517941
Adrian Marin,224921,571685
Fabian,226271,605654
Uche Henry Agbo,226289,533227
Success Isaac,222634,534484
Ibrahim Didier Ndong,218359,543358
Mamadou N'Diaye,176554,546034
Dani Ndi,225123,580704
Tana,219808,484906
Samir,215651,453324
Jerry St. Juste,226853,611831
Joaquin Alvaro Perez,696969,359194
Jose Gimenez,216460,474589
Jamairo Monteiro,231150,680905
Miguel Cardoso,224890,673749
Tom Davies,230005,742405
Miguel Munoz,233460,690308
Thomas,209989,434325
Jonathan Glao Tah,213331,469700
Mikel Arteta,45119,24011
Remi Gomis,112352,5202
Rick Kruys,156653,26499
Boukary Drame,168799,25519
Christian Trasch,186912,27774
Brede Hangeland,46815,26777
Philippe Mexes,41635,30453
Carlos Gurpegi,105803,33024
Georg Niedermeier,189922,29471
Juan Carlos Valeron,19896,33761
Jon Ansotegi,155972,33959
Mounir El Hamdaoui,138334,35497
Mesut Ozil,176635,36378
Angel Lafita,146513,38573
Gianpaolo Bellini,11808,39201
Stipe Pletikosa,143671,39584
Martin Stranzl,1611,40735
Johnny Heitinga,49425,30839
Fredy Guarin,169051,41199
Gregory Pujol,106560,41240
Olivier Auriac,49441,46256
Stefan Reinartz,189246,58354
Marcelo Estigarribia,188992,68436
Ramires,184943,79574
Francelino Matuzalem,149242,41629
Kevin van Diermen,183479,110168
Daan Bovenberg,184027,110113
Tomas Pekhart,184290,150292
Gael Kakuta,186197,163205
Victor Ibarbo,204550,172644
Calvin Mac-Intosh,223687,179201
Gylfi Sigurdsson,34308,157729
Giannelli Imbula Wanga,197875,186831
Kai Heerings,205672,243501
Aderlan Santos,213374,361710
Yannick Cortie,214083,442729
Kazuki Nagasawa,221425,459493
Jefferson Lerma,213991,466672
Joseph Gomez,225100,568571
Denis Bouanga,225951,664962
Marc Hocher,148814,26656
Emil Hallfredsson,133249,24516
Stefan Kiessling,137262,31199
Assani Lukimya-Mulongoti,184852,36180
Marcel Schaefer,155408,37317
Lasse Schoene,172143,39213
Jonathan Martins-Pereira,169069,40007
David Ngog,177576,41175
Sebastian Proedl,177578,41927
Ramazan Oezcan,152211,42909
Ralf Faehrmann,179783,49586
Alejandro Daro Gomez,143076,45220
Gonzalo Castro Irizabal,174379,56686
Benedikt Hoewedes,179784,68253
Nikolaos Karampelas,192775,70949
Mapou Yanga-Mbiwa,181560,93985
Kevin Grosskreutz,188352,94652
Sebastien Wuethrich,183486,92095
Sascha Moelders,183712,95094
Nicolai Mueller,183871,97747
Steven Nzonzi,187936,109621
Jonas Loessl,172553,120598
Bernardo,186521,150764
Roman Buerki,189117,112978
Sinisa Andjelkovic,202058,139806
Benjamin Kirsten,203158,141126
Roman Neustaedter,186296,145551
Nicolas N'Koulou,188829,149962
Benjamin Huebner,189433,145536
Vasyl Pryima,232072,160460
Bart Biemans,184634,163227
Angelo da Costa,189707,155246
Davy Proepper,193158,178765
Mario Goetze,192318,177714
Andre Schuerrle,193130,178812
Ilkay Guendogan,186942,178818
Kristjan Gauti Emilsson,204486,181294
Torgeir Boerven,193422,185433
Jacques Zoua Daogari,198428,187666
German Pezzella,193601,186991
Fabian Schaer,210047,189982
Marco Hoeger,198113,190796
Emmanuel Agyemang-Badu,192575,192325
Pablo,201315,214452
Marcel Buechel,198079,192842
Henri Bienvenu Ntsama,150451,194036
Paul-Jose M'Poku,187858,195998
Aras Oezbiliz,200106,209362
Kolbeinn Sigthorsson,184255,211089
Danilo Soares,216283,207039
Frederik Soerensen,201342,231753
Ole Kristian Selnaes,204612,255963
Antonio Ruediger,205452,276738
Josef Martinez,207877,239287
Pierre-Emil Hoejbjerg,213648,266523
Nicolas Lopez,207715,362194
Valeri Kazaishvili,205401,278473
Jean-Daniel Akpa-Akpro,205343,279879
Jean Deza,220150,287245
Mitchell Paulissen,208878,295087
Axel N'Gando,208585,352888
Yannick Ferreira-Carrasco,208418,354467
Michael Jordan N'Kololo,209502,354485
Robert Muehren,225152,278807
Alexander Soerloth,216549,440330
Tim Hoelscher,209962,410653
Daryl Werker,215297,447413
Niklas Suele,212190,447084
Alessandro Schoepf,220925,461357
Georges N'Koudou,219732,473855
Anwar El-Ghazi,216433,562267
Lukas Froede,227932,620578
Maximilian Mittelstaedt,227647,614384
Thomas Kotte,233711,660154
Yanni Regaesel,231205,668362
Sebastien Lamonge,232116,716998
Jose Matos,233911,674492
Mikel Oiarzabal,230142,678234
Noah-Joel Sarenren-Bazee,233472,692973
Alexis Alegue Elandi,231346,687572
Thomas Mueller,189596,116772
Hugo Fraile Martinez,190021,317567
Nacho Martinez,212183,406257
Kenedy,215639,467354
Petros,222709,535600
Juanpi,216468,573463
